idx,strategy,overheat_prob,cause_id,proc_id,procedure,mitigates_cause,targets_component,effort_h,spare_parts_cost_eur,risk_rating
2,threshold_based,0.36862579187983163,K1,P1,ReplaceBearing,BearingWearHigh,Bearing,6.0,600.0,3.0
2,cost_only,0.36862579187983163,K1,P1,ReplaceBearing,BearingWearHigh,Bearing,6.0,600.0,3.0
3,threshold_based,0.7163083657694294,K1,P1,RepairFan,FanFault,Fan,2.0,150.0,2.0
3,cost_only,0.7163083657694294,K4,P1,FlushCoolant,LowCoolingEfficiency,CoolingSystem,2.0,90.0,2.0
4,threshold_based,0.8241096703959289,K1,P1,ReplaceBearing,BearingWearHigh,Bearing,6.0,600.0,3.0
4,cost_only,0.8241096703959289,K1,P1,ReplaceBearing,BearingWearHigh,Bearing,6.0,600.0,3.0
5,threshold_based,0.7024333019595443,K1,P1,ReplaceBearing,BearingWearHigh,Bearing,6.0,600.0,3.0
5,cost_only,0.7024333019595443,K1,P1,ReplaceBearing,BearingWearHigh,Bearing,6.0,600.0,3.0
8,threshold_based,0.5854251442713096,K1,P1,RepairFan,FanFault,Fan,2.0,150.0,2.0
8,cost_only,0.5854251442713096,K4,P1,FlushCoolant,LowCoolingEfficiency,CoolingSystem,2.0,90.0,2.0
10,threshold_based,0.36862579187983163,K1,P1,ReplaceBearing,BearingWearHigh,Bearing,6.0,600.0,3.0
10,cost_only,0.36862579187983163,K1,P1,ReplaceBearing,BearingWearHigh,Bearing,6.0,600.0,3.0
11,threshold_based,0.7163083657694294,K1,P1,RepairFan,FanFault,Fan,2.0,150.0,2.0
11,cost_only,0.7163083657694294,K4,P1,FlushCoolant,LowCoolingEfficiency,CoolingSystem,2.0,90.0,2.0
13,threshold_based,0.7250741531729615,K1,P1,ReplaceBearing,BearingWearHigh,Bearing,6.0,600.0,3.0
13,cost_only,0.7250741531729615,K1,P1,ReplaceBearing,BearingWearHigh,Bearing,6.0,600.0,3.0
14,threshold_based,0.45878192958150993,K1,P1,CleanFilter,CloggedFilter,Filter,1.5,50.0,1.0
14,cost_only,0.45878192958150993,K3,P1,CleanFilter,CloggedFilter,Filter,1.5,50.0,1.0
18,threshold_based,0.8241096703959289,K1,P1,ReplaceBearing,BearingWearHigh,Bearing,6.0,600.0,3.0
18,cost_only,0.8241096703959289,K1,P1,ReplaceBearing,BearingWearHigh,Bearing,6.0,600.0,3.0
19,threshold_based,0.8241096703959289,K1,P1,ReplaceBearing,BearingWearHigh,Bearing,6.0,600.0,3.0
19,cost_only,0.8241096703959289,K1,P1,ReplaceBearing,BearingWearHigh,Bearing,6.0,600.0,3.0
20,threshold_based,0.8241096703959289,K1,P1,ReplaceBearing,BearingWearHigh,Bearing,6.0,600.0,3.0
20,cost_only,0.8241096703959289,K1,P1,ReplaceBearing,BearingWearHigh,Bearing,6.0,600.0,3.0
21,threshold_based,0.5682271699260382,K1,P1,RepairFan,FanFault,Fan,2.0,150.0,2.0
21,cost_only,0.5682271699260382,K4,P1,FlushCoolant,LowCoolingEfficiency,CoolingSystem,2.0,90.0,2.0
23,threshold_based,0.36862579187983163,K1,P1,ReplaceBearing,BearingWearHigh,Bearing,6.0,600.0,3.0
23,cost_only,0.36862579187983163,K1,P1,ReplaceBearing,BearingWearHigh,Bearing,6.0,600.0,3.0
24,threshold_based,0.36862579187983163,K1,P1,ReplaceBearing,BearingWearHigh,Bearing,6.0,600.0,3.0
24,cost_only,0.36862579187983163,K1,P1,ReplaceBearing,BearingWearHigh,Bearing,6.0,600.0,3.0
26,threshold_based,0.5682271699260382,K1,P1,RepairFan,FanFault,Fan,2.0,150.0,2.0
26,cost_only,0.5682271699260382,K4,P1,FlushCoolant,LowCoolingEfficiency,CoolingSystem,2.0,90.0,2.0
27,threshold_based,0.7163083657694294,K1,P1,RepairFan,FanFault,Fan,2.0,150.0,2.0
27,cost_only,0.7163083657694294,K4,P1,FlushCoolant,LowCoolingEfficiency,CoolingSystem,2.0,90.0,2.0
29,threshold_based,0.7163083657694294,K1,P1,RepairFan,FanFault,Fan,2.0,150.0,2.0
29,cost_only,0.7163083657694294,K4,P1,FlushCoolant,LowCoolingEfficiency,CoolingSystem,2.0,90.0,2.0
30,threshold_based,0.7163083657694294,K1,P1,RepairFan,FanFault,Fan,2.0,150.0,2.0
30,cost_only,0.7163083657694294,K4,P1,FlushCoolant,LowCoolingEfficiency,CoolingSystem,2.0,90.0,2.0
32,threshold_based,0.45878192958150993,K1,P1,CleanFilter,CloggedFilter,Filter,1.5,50.0,1.0
32,cost_only,0.45878192958150993,K3,P1,CleanFilter,CloggedFilter,Filter,1.5,50.0,1.0
33,threshold_based,0.7163083657694294,K1,P1,RepairFan,FanFault,Fan,2.0,150.0,2.0
33,cost_only,0.7163083657694294,K4,P1,FlushCoolant,LowCoolingEfficiency,CoolingSystem,2.0,90.0,2.0
36,threshold_based,0.8241096703959289,K1,P1,ReplaceBearing,BearingWearHigh,Bearing,6.0,600.0,3.0
36,cost_only,0.8241096703959289,K1,P1,ReplaceBearing,BearingWearHigh,Bearing,6.0,600.0,3.0
37,threshold_based,0.8241096703959289,K1,P1,ReplaceBearing,BearingWearHigh,Bearing,6.0,600.0,3.0
37,cost_only,0.8241096703959289,K1,P1,ReplaceBearing,BearingWearHigh,Bearing,6.0,600.0,3.0
38,threshold_based,0.7512171138885846,K1,P1,ReplaceBearing,BearingWearHigh,Bearing,6.0,600.0,3.0
38,cost_only,0.7512171138885846,K1,P1,ReplaceBearing,BearingWearHigh,Bearing,6.0,600.0,3.0
41,threshold_based,0.7163083657694294,K1,P1,RepairFan,FanFault,Fan,2.0,150.0,2.0
41,cost_only,0.7163083657694294,K4,P1,FlushCoolant,LowCoolingEfficiency,CoolingSystem,2.0,90.0,2.0
44,threshold_based,0.7024333019595443,K1,P1,ReplaceBearing,BearingWearHigh,Bearing,6.0,600.0,3.0
44,cost_only,0.7024333019595443,K1,P1,ReplaceBearing,BearingWearHigh,Bearing,6.0,600.0,3.0
45,threshold_based,0.7512171138885846,K1,P1,ReplaceBearing,BearingWearHigh,Bearing,6.0,600.0,3.0
45,cost_only,0.7512171138885846,K1,P1,ReplaceBearing,BearingWearHigh,Bearing,6.0,600.0,3.0
54,threshold_based,0.7024333019595443,K1,P1,ReplaceBearing,BearingWearHigh,Bearing,6.0,600.0,3.0
54,cost_only,0.7024333019595443,K1,P1,ReplaceBearing,BearingWearHigh,Bearing,6.0,600.0,3.0
55,threshold_based,0.7512171138885846,K1,P1,ReplaceBearing,BearingWearHigh,Bearing,6.0,600.0,3.0
55,cost_only,0.7512171138885846,K1,P1,ReplaceBearing,BearingWearHigh,Bearing,6.0,600.0,3.0
56,threshold_based,0.36862579187983163,K1,P1,ReplaceBearing,BearingWearHigh,Bearing,6.0,600.0,3.0
56,cost_only,0.36862579187983163,K1,P1,ReplaceBearing,BearingWearHigh,Bearing,6.0,600.0,3.0
57,threshold_based,0.7163083657694294,K1,P1,RepairFan,FanFault,Fan,2.0,150.0,2.0
57,cost_only,0.7163083657694294,K4,P1,FlushCoolant,LowCoolingEfficiency,CoolingSystem,2.0,90.0,2.0
58,threshold_based,0.7024333019595443,K1,P1,ReplaceBearing,BearingWearHigh,Bearing,6.0,600.0,3.0
58,cost_only,0.7024333019595443,K1,P1,ReplaceBearing,BearingWearHigh,Bearing,6.0,600.0,3.0
61,threshold_based,0.578929441296426,K1,P1,ReplaceBearing,BearingWearHigh,Bearing,6.0,600.0,3.0
61,cost_only,0.578929441296426,K1,P1,ReplaceBearing,BearingWearHigh,Bearing,6.0,600.0,3.0
62,threshold_based,0.6181523336133433,K1,P1,RepairFan,FanFault,Fan,2.0,150.0,2.0
62,cost_only,0.6181523336133433,K2,P1,RepairFan,FanFault,Fan,2.0,150.0,2.0
64,threshold_based,0.8241096703959289,K1,P1,ReplaceBearing,BearingWearHigh,Bearing,6.0,600.0,3.0
64,cost_only,0.8241096703959289,K1,P1,ReplaceBearing,BearingWearHigh,Bearing,6.0,600.0,3.0
66,threshold_based,0.8241096703959289,K1,P1,ReplaceBearing,BearingWearHigh,Bearing,6.0,600.0,3.0
66,cost_only,0.8241096703959289,K1,P1,ReplaceBearing,BearingWearHigh,Bearing,6.0,600.0,3.0
68,threshold_based,0.5854251442713096,K1,P1,RepairFan,FanFault,Fan,2.0,150.0,2.0
68,cost_only,0.5854251442713096,K4,P1,FlushCoolant,LowCoolingEfficiency,CoolingSystem,2.0,90.0,2.0
69,threshold_based,0.5682271699260382,K1,P1,RepairFan,FanFault,Fan,2.0,150.0,2.0
69,cost_only,0.5682271699260382,K4,P1,FlushCoolant,LowCoolingEfficiency,CoolingSystem,2.0,90.0,2.0
72,threshold_based,0.7163083657694294,K1,P1,RepairFan,FanFault,Fan,2.0,150.0,2.0
72,cost_only,0.7163083657694294,K4,P1,FlushCoolant,LowCoolingEfficiency,CoolingSystem,2.0,90.0,2.0
76,threshold_based,0.7024333019595443,K1,P1,ReplaceBearing,BearingWearHigh,Bearing,6.0,600.0,3.0
76,cost_only,0.7024333019595443,K1,P1,ReplaceBearing,BearingWearHigh,Bearing,6.0,600.0,3.0
77,threshold_based,0.7163083657694294,K1,P1,RepairFan,FanFault,Fan,2.0,150.0,2.0
77,cost_only,0.7163083657694294,K4,P1,FlushCoolant,LowCoolingEfficiency,CoolingSystem,2.0,90.0,2.0
78,threshold_based,0.7859128158716552,K1,P1,RepairFan,FanFault,Fan,2.0,150.0,2.0
78,cost_only,0.7859128158716552,K2,P1,RepairFan,FanFault,Fan,2.0,150.0,2.0
82,threshold_based,0.7512171138885846,K1,P1,ReplaceBearing,BearingWearHigh,Bearing,6.0,600.0,3.0
82,cost_only,0.7512171138885846,K1,P1,ReplaceBearing,BearingWearHigh,Bearing,6.0,600.0,3.0
86,threshold_based,0.38843926799089806,K1,P1,RepairFan,FanFault,Fan,2.0,150.0,2.0
86,cost_only,0.38843926799089806,K4,P1,FlushCoolant,LowCoolingEfficiency,CoolingSystem,2.0,90.0,2.0
88,threshold_based,0.38843926799089806,K1,P1,RepairFan,FanFault,Fan,2.0,150.0,2.0
88,cost_only,0.38843926799089806,K4,P1,FlushCoolant,LowCoolingEfficiency,CoolingSystem,2.0,90.0,2.0
90,threshold_based,0.36862579187983163,K1,P1,ReplaceBearing,BearingWearHigh,Bearing,6.0,600.0,3.0
90,cost_only,0.36862579187983163,K1,P1,ReplaceBearing,BearingWearHigh,Bearing,6.0,600.0,3.0
91,threshold_based,0.8241096703959289,K1,P1,ReplaceBearing,BearingWearHigh,Bearing,6.0,600.0,3.0
91,cost_only,0.8241096703959289,K1,P1,ReplaceBearing,BearingWearHigh,Bearing,6.0,600.0,3.0
92,threshold_based,0.7163083657694294,K1,P1,RepairFan,FanFault,Fan,2.0,150.0,2.0
92,cost_only,0.7163083657694294,K4,P1,FlushCoolant,LowCoolingEfficiency,CoolingSystem,2.0,90.0,2.0
93,threshold_based,0.8241096703959289,K1,P1,ReplaceBearing,BearingWearHigh,Bearing,6.0,600.0,3.0
93,cost_only,0.8241096703959289,K1,P1,ReplaceBearing,BearingWearHigh,Bearing,6.0,600.0,3.0
95,threshold_based,0.36862579187983163,K1,P1,ReplaceBearing,BearingWearHigh,Bearing,6.0,600.0,3.0
95,cost_only,0.36862579187983163,K1,P1,ReplaceBearing,BearingWearHigh,Bearing,6.0,600.0,3.0
97,threshold_based,0.5682271699260382,K1,P1,RepairFan,FanFault,Fan,2.0,150.0,2.0
97,cost_only,0.5682271699260382,K4,P1,FlushCoolant,LowCoolingEfficiency,CoolingSystem,2.0,90.0,2.0
98,threshold_based,0.8241096703959289,K1,P1,ReplaceBearing,BearingWearHigh,Bearing,6.0,600.0,3.0
98,cost_only,0.8241096703959289,K1,P1,ReplaceBearing,BearingWearHigh,Bearing,6.0,600.0,3.0
100,threshold_based,0.7250741531729615,K1,P1,ReplaceBearing,BearingWearHigh,Bearing,6.0,600.0,3.0
100,cost_only,0.7250741531729615,K1,P1,ReplaceBearing,BearingWearHigh,Bearing,6.0,600.0,3.0
101,threshold_based,0.5854251442713096,K1,P1,RepairFan,FanFault,Fan,2.0,150.0,2.0
101,cost_only,0.5854251442713096,K4,P1,FlushCoolant,LowCoolingEfficiency,CoolingSystem,2.0,90.0,2.0
103,threshold_based,0.7163083657694294,K1,P1,RepairFan,FanFault,Fan,2.0,150.0,2.0
103,cost_only,0.7163083657694294,K4,P1,FlushCoolant,LowCoolingEfficiency,CoolingSystem,2.0,90.0,2.0
106,threshold_based,0.7163083657694294,K1,P1,RepairFan,FanFault,Fan,2.0,150.0,2.0
106,cost_only,0.7163083657694294,K4,P1,FlushCoolant,LowCoolingEfficiency,CoolingSystem,2.0,90.0,2.0
107,threshold_based,0.5854251442713096,K1,P1,RepairFan,FanFault,Fan,2.0,150.0,2.0
107,cost_only,0.5854251442713096,K4,P1,FlushCoolant,LowCoolingEfficiency,CoolingSystem,2.0,90.0,2.0
108,threshold_based,0.8241096703959289,K1,P1,ReplaceBearing,BearingWearHigh,Bearing,6.0,600.0,3.0
108,cost_only,0.8241096703959289,K1,P1,ReplaceBearing,BearingWearHigh,Bearing,6.0,600.0,3.0
109,threshold_based,0.6794095795109646,K1,P1,RepairFan,FanFault,Fan,2.0,150.0,2.0
109,cost_only,0.6794095795109646,K2,P1,RepairFan,FanFault,Fan,2.0,150.0,2.0
110,threshold_based,0.36862579187983163,K1,P1,ReplaceBearing,BearingWearHigh,Bearing,6.0,600.0,3.0
110,cost_only,0.36862579187983163,K1,P1,ReplaceBearing,BearingWearHigh,Bearing,6.0,600.0,3.0
111,threshold_based,0.36862579187983163,K1,P1,ReplaceBearing,BearingWearHigh,Bearing,6.0,600.0,3.0
111,cost_only,0.36862579187983163,K1,P1,ReplaceBearing,BearingWearHigh,Bearing,6.0,600.0,3.0
114,threshold_based,0.5682271699260382,K1,P1,RepairFan,FanFault,Fan,2.0,150.0,2.0
114,cost_only,0.5682271699260382,K4,P1,FlushCoolant,LowCoolingEfficiency,CoolingSystem,2.0,90.0,2.0
115,threshold_based,0.5854251442713096,K1,P1,RepairFan,FanFault,Fan,2.0,150.0,2.0
115,cost_only,0.5854251442713096,K4,P1,FlushCoolant,LowCoolingEfficiency,CoolingSystem,2.0,90.0,2.0
116,threshold_based,0.5854251442713096,K1,P1,RepairFan,FanFault,Fan,2.0,150.0,2.0
116,cost_only,0.5854251442713096,K4,P1,FlushCoolant,LowCoolingEfficiency,CoolingSystem,2.0,90.0,2.0
117,threshold_based,0.6181523336133433,K1,P1,RepairFan,FanFault,Fan,2.0,150.0,2.0
117,cost_only,0.6181523336133433,K2,P1,RepairFan,FanFault,Fan,2.0,150.0,2.0
120,threshold_based,0.36862579187983163,K1,P1,ReplaceBearing,BearingWearHigh,Bearing,6.0,600.0,3.0
120,cost_only,0.36862579187983163,K1,P1,ReplaceBearing,BearingWearHigh,Bearing,6.0,600.0,3.0
121,threshold_based,0.8241096703959289,K1,P1,ReplaceBearing,BearingWearHigh,Bearing,6.0,600.0,3.0
121,cost_only,0.8241096703959289,K1,P1,ReplaceBearing,BearingWearHigh,Bearing,6.0,600.0,3.0
122,threshold_based,0.7024333019595443,K1,P1,ReplaceBearing,BearingWearHigh,Bearing,6.0,600.0,3.0
122,cost_only,0.7024333019595443,K1,P1,ReplaceBearing,BearingWearHigh,Bearing,6.0,600.0,3.0
123,threshold_based,0.5854251442713096,K1,P1,RepairFan,FanFault,Fan,2.0,150.0,2.0
123,cost_only,0.5854251442713096,K4,P1,FlushCoolant,LowCoolingEfficiency,CoolingSystem,2.0,90.0,2.0
125,threshold_based,0.7250741531729615,K1,P1,ReplaceBearing,BearingWearHigh,Bearing,6.0,600.0,3.0
125,cost_only,0.7250741531729615,K1,P1,ReplaceBearing,BearingWearHigh,Bearing,6.0,600.0,3.0
127,threshold_based,0.7163083657694294,K1,P1,RepairFan,FanFault,Fan,2.0,150.0,2.0
127,cost_only,0.7163083657694294,K4,P1,FlushCoolant,LowCoolingEfficiency,CoolingSystem,2.0,90.0,2.0
130,threshold_based,0.7163083657694294,K1,P1,RepairFan,FanFault,Fan,2.0,150.0,2.0
130,cost_only,0.7163083657694294,K4,P1,FlushCoolant,LowCoolingEfficiency,CoolingSystem,2.0,90.0,2.0
131,threshold_based,0.7163083657694294,K1,P1,RepairFan,FanFault,Fan,2.0,150.0,2.0
131,cost_only,0.7163083657694294,K4,P1,FlushCoolant,LowCoolingEfficiency,CoolingSystem,2.0,90.0,2.0
138,threshold_based,0.7163083657694294,K1,P1,RepairFan,FanFault,Fan,2.0,150.0,2.0
138,cost_only,0.7163083657694294,K4,P1,FlushCoolant,LowCoolingEfficiency,CoolingSystem,2.0,90.0,2.0
139,threshold_based,0.7163083657694294,K1,P1,RepairFan,FanFault,Fan,2.0,150.0,2.0
139,cost_only,0.7163083657694294,K4,P1,FlushCoolant,LowCoolingEfficiency,CoolingSystem,2.0,90.0,2.0
140,threshold_based,0.7163083657694294,K1,P1,RepairFan,FanFault,Fan,2.0,150.0,2.0
140,cost_only,0.7163083657694294,K4,P1,FlushCoolant,LowCoolingEfficiency,CoolingSystem,2.0,90.0,2.0
141,threshold_based,0.7024333019595443,K1,P1,ReplaceBearing,BearingWearHigh,Bearing,6.0,600.0,3.0
141,cost_only,0.7024333019595443,K1,P1,ReplaceBearing,BearingWearHigh,Bearing,6.0,600.0,3.0
142,threshold_based,0.7163083657694294,K1,P1,RepairFan,FanFault,Fan,2.0,150.0,2.0
142,cost_only,0.7163083657694294,K4,P1,FlushCoolant,LowCoolingEfficiency,CoolingSystem,2.0,90.0,2.0
143,threshold_based,0.7859128158716552,K1,P1,RepairFan,FanFault,Fan,2.0,150.0,2.0
143,cost_only,0.7859128158716552,K2,P1,RepairFan,FanFault,Fan,2.0,150.0,2.0
148,threshold_based,0.7512171138885846,K1,P1,ReplaceBearing,BearingWearHigh,Bearing,6.0,600.0,3.0
148,cost_only,0.7512171138885846,K1,P1,ReplaceBearing,BearingWearHigh,Bearing,6.0,600.0,3.0
151,threshold_based,0.7163083657694294,K1,P1,RepairFan,FanFault,Fan,2.0,150.0,2.0
151,cost_only,0.7163083657694294,K4,P1,FlushCoolant,LowCoolingEfficiency,CoolingSystem,2.0,90.0,2.0
153,threshold_based,0.8241096703959289,K1,P1,ReplaceBearing,BearingWearHigh,Bearing,6.0,600.0,3.0
153,cost_only,0.8241096703959289,K1,P1,ReplaceBearing,BearingWearHigh,Bearing,6.0,600.0,3.0
154,threshold_based,0.8241096703959289,K1,P1,ReplaceBearing,BearingWearHigh,Bearing,6.0,600.0,3.0
154,cost_only,0.8241096703959289,K1,P1,ReplaceBearing,BearingWearHigh,Bearing,6.0,600.0,3.0
156,threshold_based,0.5854251442713096,K1,P1,RepairFan,FanFault,Fan,2.0,150.0,2.0
156,cost_only,0.5854251442713096,K4,P1,FlushCoolant,LowCoolingEfficiency,CoolingSystem,2.0,90.0,2.0
158,threshold_based,0.8241096703959289,K1,P1,ReplaceBearing,BearingWearHigh,Bearing,6.0,600.0,3.0
158,cost_only,0.8241096703959289,K1,P1,ReplaceBearing,BearingWearHigh,Bearing,6.0,600.0,3.0
161,threshold_based,0.578929441296426,K1,P1,ReplaceBearing,BearingWearHigh,Bearing,6.0,600.0,3.0
161,cost_only,0.578929441296426,K1,P1,ReplaceBearing,BearingWearHigh,Bearing,6.0,600.0,3.0
163,threshold_based,0.7163083657694294,K1,P1,RepairFan,FanFault,Fan,2.0,150.0,2.0
163,cost_only,0.7163083657694294,K4,P1,FlushCoolant,LowCoolingEfficiency,CoolingSystem,2.0,90.0,2.0
166,threshold_based,0.7512171138885846,K1,P1,ReplaceBearing,BearingWearHigh,Bearing,6.0,600.0,3.0
166,cost_only,0.7512171138885846,K1,P1,ReplaceBearing,BearingWearHigh,Bearing,6.0,600.0,3.0
167,threshold_based,0.5854251442713096,K1,P1,RepairFan,FanFault,Fan,2.0,150.0,2.0
167,cost_only,0.5854251442713096,K4,P1,FlushCoolant,LowCoolingEfficiency,CoolingSystem,2.0,90.0,2.0
168,threshold_based,0.7163083657694294,K1,P1,RepairFan,FanFault,Fan,2.0,150.0,2.0
168,cost_only,0.7163083657694294,K4,P1,FlushCoolant,LowCoolingEfficiency,CoolingSystem,2.0,90.0,2.0
169,threshold_based,0.38843926799089806,K1,P1,RepairFan,FanFault,Fan,2.0,150.0,2.0
169,cost_only,0.38843926799089806,K4,P1,FlushCoolant,LowCoolingEfficiency,CoolingSystem,2.0,90.0,2.0
170,threshold_based,0.8241096703959289,K1,P1,ReplaceBearing,BearingWearHigh,Bearing,6.0,600.0,3.0
170,cost_only,0.8241096703959289,K1,P1,ReplaceBearing,BearingWearHigh,Bearing,6.0,600.0,3.0
172,threshold_based,0.38843926799089806,K1,P1,RepairFan,FanFault,Fan,2.0,150.0,2.0
172,cost_only,0.38843926799089806,K4,P1,FlushCoolant,LowCoolingEfficiency,CoolingSystem,2.0,90.0,2.0
174,threshold_based,0.7859128158716552,K1,P1,RepairFan,FanFault,Fan,2.0,150.0,2.0
174,cost_only,0.7859128158716552,K2,P1,RepairFan,FanFault,Fan,2.0,150.0,2.0
175,threshold_based,0.5854251442713096,K1,P1,RepairFan,FanFault,Fan,2.0,150.0,2.0
175,cost_only,0.5854251442713096,K4,P1,FlushCoolant,LowCoolingEfficiency,CoolingSystem,2.0,90.0,2.0
177,threshold_based,0.8241096703959289,K1,P1,ReplaceBearing,BearingWearHigh,Bearing,6.0,600.0,3.0
177,cost_only,0.8241096703959289,K1,P1,ReplaceBearing,BearingWearHigh,Bearing,6.0,600.0,3.0
178,threshold_based,0.7163083657694294,K1,P1,RepairFan,FanFault,Fan,2.0,150.0,2.0
178,cost_only,0.7163083657694294,K4,P1,FlushCoolant,LowCoolingEfficiency,CoolingSystem,2.0,90.0,2.0
179,threshold_based,0.6181523336133433,K1,P1,RepairFan,FanFault,Fan,2.0,150.0,2.0
179,cost_only,0.6181523336133433,K2,P1,RepairFan,FanFault,Fan,2.0,150.0,2.0
182,threshold_based,0.36862579187983163,K1,P1,ReplaceBearing,BearingWearHigh,Bearing,6.0,600.0,3.0
182,cost_only,0.36862579187983163,K1,P1,ReplaceBearing,BearingWearHigh,Bearing,6.0,600.0,3.0
183,threshold_based,0.7163083657694294,K1,P1,RepairFan,FanFault,Fan,2.0,150.0,2.0
183,cost_only,0.7163083657694294,K4,P1,FlushCoolant,LowCoolingEfficiency,CoolingSystem,2.0,90.0,2.0
184,threshold_based,0.7163083657694294,K1,P1,RepairFan,FanFault,Fan,2.0,150.0,2.0
184,cost_only,0.7163083657694294,K4,P1,FlushCoolant,LowCoolingEfficiency,CoolingSystem,2.0,90.0,2.0
185,threshold_based,0.7163083657694294,K1,P1,RepairFan,FanFault,Fan,2.0,150.0,2.0
185,cost_only,0.7163083657694294,K4,P1,FlushCoolant,LowCoolingEfficiency,CoolingSystem,2.0,90.0,2.0
186,threshold_based,0.7024333019595443,K1,P1,ReplaceBearing,BearingWearHigh,Bearing,6.0,600.0,3.0
186,cost_only,0.7024333019595443,K1,P1,ReplaceBearing,BearingWearHigh,Bearing,6.0,600.0,3.0
190,threshold_based,0.7163083657694294,K1,P1,RepairFan,FanFault,Fan,2.0,150.0,2.0
190,cost_only,0.7163083657694294,K4,P1,FlushCoolant,LowCoolingEfficiency,CoolingSystem,2.0,90.0,2.0
193,threshold_based,0.7163083657694294,K1,P1,RepairFan,FanFault,Fan,2.0,150.0,2.0
193,cost_only,0.7163083657694294,K4,P1,FlushCoolant,LowCoolingEfficiency,CoolingSystem,2.0,90.0,2.0
194,threshold_based,0.8241096703959289,K1,P1,ReplaceBearing,BearingWearHigh,Bearing,6.0,600.0,3.0
194,cost_only,0.8241096703959289,K1,P1,ReplaceBearing,BearingWearHigh,Bearing,6.0,600.0,3.0
195,threshold_based,0.7163083657694294,K1,P1,RepairFan,FanFault,Fan,2.0,150.0,2.0
195,cost_only,0.7163083657694294,K4,P1,FlushCoolant,LowCoolingEfficiency,CoolingSystem,2.0,90.0,2.0
196,threshold_based,0.7163083657694294,K1,P1,RepairFan,FanFault,Fan,2.0,150.0,2.0
196,cost_only,0.7163083657694294,K4,P1,FlushCoolant,LowCoolingEfficiency,CoolingSystem,2.0,90.0,2.0
197,threshold_based,0.5854251442713096,K1,P1,RepairFan,FanFault,Fan,2.0,150.0,2.0
197,cost_only,0.5854251442713096,K4,P1,FlushCoolant,LowCoolingEfficiency,CoolingSystem,2.0,90.0,2.0
198,threshold_based,0.36862579187983163,K1,P1,ReplaceBearing,BearingWearHigh,Bearing,6.0,600.0,3.0
198,cost_only,0.36862579187983163,K1,P1,ReplaceBearing,BearingWearHigh,Bearing,6.0,600.0,3.0
199,threshold_based,0.36862579187983163,K1,P1,ReplaceBearing,BearingWearHigh,Bearing,6.0,600.0,3.0
199,cost_only,0.36862579187983163,K1,P1,ReplaceBearing,BearingWearHigh,Bearing,6.0,600.0,3.0
205,threshold_based,0.578929441296426,K1,P1,ReplaceBearing,BearingWearHigh,Bearing,6.0,600.0,3.0
205,cost_only,0.578929441296426,K1,P1,ReplaceBearing,BearingWearHigh,Bearing,6.0,600.0,3.0
207,threshold_based,0.7163083657694294,K1,P1,RepairFan,FanFault,Fan,2.0,150.0,2.0
207,cost_only,0.7163083657694294,K4,P1,FlushCoolant,LowCoolingEfficiency,CoolingSystem,2.0,90.0,2.0
208,threshold_based,0.7163083657694294,K1,P1,RepairFan,FanFault,Fan,2.0,150.0,2.0
208,cost_only,0.7163083657694294,K4,P1,FlushCoolant,LowCoolingEfficiency,CoolingSystem,2.0,90.0,2.0
209,threshold_based,0.7024333019595443,K1,P1,ReplaceBearing,BearingWearHigh,Bearing,6.0,600.0,3.0
209,cost_only,0.7024333019595443,K1,P1,ReplaceBearing,BearingWearHigh,Bearing,6.0,600.0,3.0
210,threshold_based,0.7163083657694294,K1,P1,RepairFan,FanFault,Fan,2.0,150.0,2.0
210,cost_only,0.7163083657694294,K4,P1,FlushCoolant,LowCoolingEfficiency,CoolingSystem,2.0,90.0,2.0
215,threshold_based,0.5682271699260382,K1,P1,RepairFan,FanFault,Fan,2.0,150.0,2.0
215,cost_only,0.5682271699260382,K4,P1,FlushCoolant,LowCoolingEfficiency,CoolingSystem,2.0,90.0,2.0
216,threshold_based,0.36862579187983163,K1,P1,ReplaceBearing,BearingWearHigh,Bearing,6.0,600.0,3.0
216,cost_only,0.36862579187983163,K1,P1,ReplaceBearing,BearingWearHigh,Bearing,6.0,600.0,3.0
218,threshold_based,0.7163083657694294,K1,P1,RepairFan,FanFault,Fan,2.0,150.0,2.0
218,cost_only,0.7163083657694294,K4,P1,FlushCoolant,LowCoolingEfficiency,CoolingSystem,2.0,90.0,2.0
219,threshold_based,0.5682271699260382,K1,P1,RepairFan,FanFault,Fan,2.0,150.0,2.0
219,cost_only,0.5682271699260382,K4,P1,FlushCoolant,LowCoolingEfficiency,CoolingSystem,2.0,90.0,2.0
220,threshold_based,0.5559542695800941,K1,P1,ReplaceBearing,BearingWearHigh,Bearing,6.0,600.0,3.0
220,cost_only,0.5559542695800941,K1,P1,ReplaceBearing,BearingWearHigh,Bearing,6.0,600.0,3.0
221,threshold_based,0.36862579187983163,K1,P1,ReplaceBearing,BearingWearHigh,Bearing,6.0,600.0,3.0
221,cost_only,0.36862579187983163,K1,P1,ReplaceBearing,BearingWearHigh,Bearing,6.0,600.0,3.0
222,threshold_based,0.7024333019595443,K1,P1,ReplaceBearing,BearingWearHigh,Bearing,6.0,600.0,3.0
222,cost_only,0.7024333019595443,K1,P1,ReplaceBearing,BearingWearHigh,Bearing,6.0,600.0,3.0
226,threshold_based,0.36862579187983163,K1,P1,ReplaceBearing,BearingWearHigh,Bearing,6.0,600.0,3.0
226,cost_only,0.36862579187983163,K1,P1,ReplaceBearing,BearingWearHigh,Bearing,6.0,600.0,3.0
228,threshold_based,0.7163083657694294,K1,P1,RepairFan,FanFault,Fan,2.0,150.0,2.0
228,cost_only,0.7163083657694294,K4,P1,FlushCoolant,LowCoolingEfficiency,CoolingSystem,2.0,90.0,2.0
230,threshold_based,0.7163083657694294,K1,P1,RepairFan,FanFault,Fan,2.0,150.0,2.0
230,cost_only,0.7163083657694294,K4,P1,FlushCoolant,LowCoolingEfficiency,CoolingSystem,2.0,90.0,2.0
231,threshold_based,0.7250741531729615,K1,P1,ReplaceBearing,BearingWearHigh,Bearing,6.0,600.0,3.0
231,cost_only,0.7250741531729615,K1,P1,ReplaceBearing,BearingWearHigh,Bearing,6.0,600.0,3.0
235,threshold_based,0.8241096703959289,K1,P1,ReplaceBearing,BearingWearHigh,Bearing,6.0,600.0,3.0
235,cost_only,0.8241096703959289,K1,P1,ReplaceBearing,BearingWearHigh,Bearing,6.0,600.0,3.0
236,threshold_based,0.7163083657694294,K1,P1,RepairFan,FanFault,Fan,2.0,150.0,2.0
236,cost_only,0.7163083657694294,K4,P1,FlushCoolant,LowCoolingEfficiency,CoolingSystem,2.0,90.0,2.0
238,threshold_based,0.7163083657694294,K1,P1,RepairFan,FanFault,Fan,2.0,150.0,2.0
238,cost_only,0.7163083657694294,K4,P1,FlushCoolant,LowCoolingEfficiency,CoolingSystem,2.0,90.0,2.0
239,threshold_based,0.7024333019595443,K1,P1,ReplaceBearing,BearingWearHigh,Bearing,6.0,600.0,3.0
239,cost_only,0.7024333019595443,K1,P1,ReplaceBearing,BearingWearHigh,Bearing,6.0,600.0,3.0
242,threshold_based,0.8241096703959289,K1,P1,ReplaceBearing,BearingWearHigh,Bearing,6.0,600.0,3.0
242,cost_only,0.8241096703959289,K1,P1,ReplaceBearing,BearingWearHigh,Bearing,6.0,600.0,3.0
244,threshold_based,0.8241096703959289,K1,P1,ReplaceBearing,BearingWearHigh,Bearing,6.0,600.0,3.0
244,cost_only,0.8241096703959289,K1,P1,ReplaceBearing,BearingWearHigh,Bearing,6.0,600.0,3.0
245,threshold_based,0.7163083657694294,K1,P1,RepairFan,FanFault,Fan,2.0,150.0,2.0
245,cost_only,0.7163083657694294,K4,P1,FlushCoolant,LowCoolingEfficiency,CoolingSystem,2.0,90.0,2.0
246,threshold_based,0.8241096703959289,K1,P1,ReplaceBearing,BearingWearHigh,Bearing,6.0,600.0,3.0
246,cost_only,0.8241096703959289,K1,P1,ReplaceBearing,BearingWearHigh,Bearing,6.0,600.0,3.0
248,threshold_based,0.7024333019595443,K1,P1,ReplaceBearing,BearingWearHigh,Bearing,6.0,600.0,3.0
248,cost_only,0.7024333019595443,K1,P1,ReplaceBearing,BearingWearHigh,Bearing,6.0,600.0,3.0
250,threshold_based,0.7163083657694294,K1,P1,RepairFan,FanFault,Fan,2.0,150.0,2.0
250,cost_only,0.7163083657694294,K4,P1,FlushCoolant,LowCoolingEfficiency,CoolingSystem,2.0,90.0,2.0
257,threshold_based,0.7163083657694294,K1,P1,RepairFan,FanFault,Fan,2.0,150.0,2.0
257,cost_only,0.7163083657694294,K4,P1,FlushCoolant,LowCoolingEfficiency,CoolingSystem,2.0,90.0,2.0
260,threshold_based,0.8241096703959289,K1,P1,ReplaceBearing,BearingWearHigh,Bearing,6.0,600.0,3.0
260,cost_only,0.8241096703959289,K1,P1,ReplaceBearing,BearingWearHigh,Bearing,6.0,600.0,3.0
261,threshold_based,0.6181523336133433,K1,P1,RepairFan,FanFault,Fan,2.0,150.0,2.0
261,cost_only,0.6181523336133433,K2,P1,RepairFan,FanFault,Fan,2.0,150.0,2.0
264,threshold_based,0.6181523336133433,K1,P1,RepairFan,FanFault,Fan,2.0,150.0,2.0
264,cost_only,0.6181523336133433,K2,P1,RepairFan,FanFault,Fan,2.0,150.0,2.0
265,threshold_based,0.7024333019595443,K1,P1,ReplaceBearing,BearingWearHigh,Bearing,6.0,600.0,3.0
265,cost_only,0.7024333019595443,K1,P1,ReplaceBearing,BearingWearHigh,Bearing,6.0,600.0,3.0
268,threshold_based,0.8241096703959289,K1,P1,ReplaceBearing,BearingWearHigh,Bearing,6.0,600.0,3.0
268,cost_only,0.8241096703959289,K1,P1,ReplaceBearing,BearingWearHigh,Bearing,6.0,600.0,3.0
269,threshold_based,0.7163083657694294,K1,P1,RepairFan,FanFault,Fan,2.0,150.0,2.0
269,cost_only,0.7163083657694294,K4,P1,FlushCoolant,LowCoolingEfficiency,CoolingSystem,2.0,90.0,2.0
270,threshold_based,0.7163083657694294,K1,P1,RepairFan,FanFault,Fan,2.0,150.0,2.0
270,cost_only,0.7163083657694294,K4,P1,FlushCoolant,LowCoolingEfficiency,CoolingSystem,2.0,90.0,2.0
272,threshold_based,0.578929441296426,K1,P1,ReplaceBearing,BearingWearHigh,Bearing,6.0,600.0,3.0
272,cost_only,0.578929441296426,K1,P1,ReplaceBearing,BearingWearHigh,Bearing,6.0,600.0,3.0
273,threshold_based,0.578929441296426,K1,P1,ReplaceBearing,BearingWearHigh,Bearing,6.0,600.0,3.0
273,cost_only,0.578929441296426,K1,P1,ReplaceBearing,BearingWearHigh,Bearing,6.0,600.0,3.0
275,threshold_based,0.5682271699260382,K1,P1,RepairFan,FanFault,Fan,2.0,150.0,2.0
275,cost_only,0.5682271699260382,K4,P1,FlushCoolant,LowCoolingEfficiency,CoolingSystem,2.0,90.0,2.0
276,threshold_based,0.5854251442713096,K1,P1,RepairFan,FanFault,Fan,2.0,150.0,2.0
276,cost_only,0.5854251442713096,K4,P1,FlushCoolant,LowCoolingEfficiency,CoolingSystem,2.0,90.0,2.0
277,threshold_based,0.8241096703959289,K1,P1,ReplaceBearing,BearingWearHigh,Bearing,6.0,600.0,3.0
277,cost_only,0.8241096703959289,K1,P1,ReplaceBearing,BearingWearHigh,Bearing,6.0,600.0,3.0
279,threshold_based,0.8241096703959289,K1,P1,ReplaceBearing,BearingWearHigh,Bearing,6.0,600.0,3.0
279,cost_only,0.8241096703959289,K1,P1,ReplaceBearing,BearingWearHigh,Bearing,6.0,600.0,3.0
280,threshold_based,0.578929441296426,K1,P1,ReplaceBearing,BearingWearHigh,Bearing,6.0,600.0,3.0
280,cost_only,0.578929441296426,K1,P1,ReplaceBearing,BearingWearHigh,Bearing,6.0,600.0,3.0
281,threshold_based,0.36862579187983163,K1,P1,ReplaceBearing,BearingWearHigh,Bearing,6.0,600.0,3.0
281,cost_only,0.36862579187983163,K1,P1,ReplaceBearing,BearingWearHigh,Bearing,6.0,600.0,3.0
289,threshold_based,0.36862579187983163,K1,P1,ReplaceBearing,BearingWearHigh,Bearing,6.0,600.0,3.0
289,cost_only,0.36862579187983163,K1,P1,ReplaceBearing,BearingWearHigh,Bearing,6.0,600.0,3.0
290,threshold_based,0.7024333019595443,K1,P1,ReplaceBearing,BearingWearHigh,Bearing,6.0,600.0,3.0
290,cost_only,0.7024333019595443,K1,P1,ReplaceBearing,BearingWearHigh,Bearing,6.0,600.0,3.0
291,threshold_based,0.7163083657694294,K1,P1,RepairFan,FanFault,Fan,2.0,150.0,2.0
291,cost_only,0.7163083657694294,K4,P1,FlushCoolant,LowCoolingEfficiency,CoolingSystem,2.0,90.0,2.0
292,threshold_based,0.8241096703959289,K1,P1,ReplaceBearing,BearingWearHigh,Bearing,6.0,600.0,3.0
292,cost_only,0.8241096703959289,K1,P1,ReplaceBearing,BearingWearHigh,Bearing,6.0,600.0,3.0
293,threshold_based,0.36862579187983163,K1,P1,ReplaceBearing,BearingWearHigh,Bearing,6.0,600.0,3.0
293,cost_only,0.36862579187983163,K1,P1,ReplaceBearing,BearingWearHigh,Bearing,6.0,600.0,3.0
296,threshold_based,0.7250741531729615,K1,P1,ReplaceBearing,BearingWearHigh,Bearing,6.0,600.0,3.0
296,cost_only,0.7250741531729615,K1,P1,ReplaceBearing,BearingWearHigh,Bearing,6.0,600.0,3.0
298,threshold_based,0.7163083657694294,K1,P1,RepairFan,FanFault,Fan,2.0,150.0,2.0
298,cost_only,0.7163083657694294,K4,P1,FlushCoolant,LowCoolingEfficiency,CoolingSystem,2.0,90.0,2.0
299,threshold_based,0.8241096703959289,K1,P1,ReplaceBearing,BearingWearHigh,Bearing,6.0,600.0,3.0
299,cost_only,0.8241096703959289,K1,P1,ReplaceBearing,BearingWearHigh,Bearing,6.0,600.0,3.0
301,threshold_based,0.38843926799089806,K1,P1,RepairFan,FanFault,Fan,2.0,150.0,2.0
301,cost_only,0.38843926799089806,K4,P1,FlushCoolant,LowCoolingEfficiency,CoolingSystem,2.0,90.0,2.0
302,threshold_based,0.8241096703959289,K1,P1,ReplaceBearing,BearingWearHigh,Bearing,6.0,600.0,3.0
302,cost_only,0.8241096703959289,K1,P1,ReplaceBearing,BearingWearHigh,Bearing,6.0,600.0,3.0
305,threshold_based,0.8241096703959289,K1,P1,ReplaceBearing,BearingWearHigh,Bearing,6.0,600.0,3.0
305,cost_only,0.8241096703959289,K1,P1,ReplaceBearing,BearingWearHigh,Bearing,6.0,600.0,3.0
306,threshold_based,0.5559542695800941,K1,P1,ReplaceBearing,BearingWearHigh,Bearing,6.0,600.0,3.0
306,cost_only,0.5559542695800941,K1,P1,ReplaceBearing,BearingWearHigh,Bearing,6.0,600.0,3.0
307,threshold_based,0.5854251442713096,K1,P1,RepairFan,FanFault,Fan,2.0,150.0,2.0
307,cost_only,0.5854251442713096,K4,P1,FlushCoolant,LowCoolingEfficiency,CoolingSystem,2.0,90.0,2.0
310,threshold_based,0.7024333019595443,K1,P1,ReplaceBearing,BearingWearHigh,Bearing,6.0,600.0,3.0
310,cost_only,0.7024333019595443,K1,P1,ReplaceBearing,BearingWearHigh,Bearing,6.0,600.0,3.0
311,threshold_based,0.8241096703959289,K1,P1,ReplaceBearing,BearingWearHigh,Bearing,6.0,600.0,3.0
311,cost_only,0.8241096703959289,K1,P1,ReplaceBearing,BearingWearHigh,Bearing,6.0,600.0,3.0
315,threshold_based,0.7163083657694294,K1,P1,RepairFan,FanFault,Fan,2.0,150.0,2.0
315,cost_only,0.7163083657694294,K4,P1,FlushCoolant,LowCoolingEfficiency,CoolingSystem,2.0,90.0,2.0
316,threshold_based,0.36862579187983163,K1,P1,ReplaceBearing,BearingWearHigh,Bearing,6.0,600.0,3.0
316,cost_only,0.36862579187983163,K1,P1,ReplaceBearing,BearingWearHigh,Bearing,6.0,600.0,3.0
318,threshold_based,0.8241096703959289,K1,P1,ReplaceBearing,BearingWearHigh,Bearing,6.0,600.0,3.0
318,cost_only,0.8241096703959289,K1,P1,ReplaceBearing,BearingWearHigh,Bearing,6.0,600.0,3.0
320,threshold_based,0.8241096703959289,K1,P1,ReplaceBearing,BearingWearHigh,Bearing,6.0,600.0,3.0
320,cost_only,0.8241096703959289,K1,P1,ReplaceBearing,BearingWearHigh,Bearing,6.0,600.0,3.0
321,threshold_based,0.5682271699260382,K1,P1,RepairFan,FanFault,Fan,2.0,150.0,2.0
321,cost_only,0.5682271699260382,K4,P1,FlushCoolant,LowCoolingEfficiency,CoolingSystem,2.0,90.0,2.0
323,threshold_based,0.7163083657694294,K1,P1,RepairFan,FanFault,Fan,2.0,150.0,2.0
323,cost_only,0.7163083657694294,K4,P1,FlushCoolant,LowCoolingEfficiency,CoolingSystem,2.0,90.0,2.0
324,threshold_based,0.5682271699260382,K1,P1,RepairFan,FanFault,Fan,2.0,150.0,2.0
324,cost_only,0.5682271699260382,K4,P1,FlushCoolant,LowCoolingEfficiency,CoolingSystem,2.0,90.0,2.0
325,threshold_based,0.38843926799089806,K1,P1,RepairFan,FanFault,Fan,2.0,150.0,2.0
325,cost_only,0.38843926799089806,K4,P1,FlushCoolant,LowCoolingEfficiency,CoolingSystem,2.0,90.0,2.0
326,threshold_based,0.8241096703959289,K1,P1,ReplaceBearing,BearingWearHigh,Bearing,6.0,600.0,3.0
326,cost_only,0.8241096703959289,K1,P1,ReplaceBearing,BearingWearHigh,Bearing,6.0,600.0,3.0
329,threshold_based,0.7024333019595443,K1,P1,ReplaceBearing,BearingWearHigh,Bearing,6.0,600.0,3.0
329,cost_only,0.7024333019595443,K1,P1,ReplaceBearing,BearingWearHigh,Bearing,6.0,600.0,3.0
331,threshold_based,0.7024333019595443,K1,P1,ReplaceBearing,BearingWearHigh,Bearing,6.0,600.0,3.0
331,cost_only,0.7024333019595443,K1,P1,ReplaceBearing,BearingWearHigh,Bearing,6.0,600.0,3.0
333,threshold_based,0.5559542695800941,K1,P1,ReplaceBearing,BearingWearHigh,Bearing,6.0,600.0,3.0
333,cost_only,0.5559542695800941,K1,P1,ReplaceBearing,BearingWearHigh,Bearing,6.0,600.0,3.0
336,threshold_based,0.8241096703959289,K1,P1,ReplaceBearing,BearingWearHigh,Bearing,6.0,600.0,3.0
336,cost_only,0.8241096703959289,K1,P1,ReplaceBearing,BearingWearHigh,Bearing,6.0,600.0,3.0
338,threshold_based,0.7512171138885846,K1,P1,ReplaceBearing,BearingWearHigh,Bearing,6.0,600.0,3.0
338,cost_only,0.7512171138885846,K1,P1,ReplaceBearing,BearingWearHigh,Bearing,6.0,600.0,3.0
342,threshold_based,0.8241096703959289,K1,P1,ReplaceBearing,BearingWearHigh,Bearing,6.0,600.0,3.0
342,cost_only,0.8241096703959289,K1,P1,ReplaceBearing,BearingWearHigh,Bearing,6.0,600.0,3.0
343,threshold_based,0.8241096703959289,K1,P1,ReplaceBearing,BearingWearHigh,Bearing,6.0,600.0,3.0
343,cost_only,0.8241096703959289,K1,P1,ReplaceBearing,BearingWearHigh,Bearing,6.0,600.0,3.0
344,threshold_based,0.8241096703959289,K1,P1,ReplaceBearing,BearingWearHigh,Bearing,6.0,600.0,3.0
344,cost_only,0.8241096703959289,K1,P1,ReplaceBearing,BearingWearHigh,Bearing,6.0,600.0,3.0
345,threshold_based,0.7163083657694294,K1,P1,RepairFan,FanFault,Fan,2.0,150.0,2.0
345,cost_only,0.7163083657694294,K4,P1,FlushCoolant,LowCoolingEfficiency,CoolingSystem,2.0,90.0,2.0
347,threshold_based,0.7512171138885846,K1,P1,ReplaceBearing,BearingWearHigh,Bearing,6.0,600.0,3.0
347,cost_only,0.7512171138885846,K1,P1,ReplaceBearing,BearingWearHigh,Bearing,6.0,600.0,3.0
352,threshold_based,0.7512171138885846,K1,P1,ReplaceBearing,BearingWearHigh,Bearing,6.0,600.0,3.0
352,cost_only,0.7512171138885846,K1,P1,ReplaceBearing,BearingWearHigh,Bearing,6.0,600.0,3.0
353,threshold_based,0.6181523336133433,K1,P1,RepairFan,FanFault,Fan,2.0,150.0,2.0
353,cost_only,0.6181523336133433,K2,P1,RepairFan,FanFault,Fan,2.0,150.0,2.0
356,threshold_based,0.7163083657694294,K1,P1,RepairFan,FanFault,Fan,2.0,150.0,2.0
356,cost_only,0.7163083657694294,K4,P1,FlushCoolant,LowCoolingEfficiency,CoolingSystem,2.0,90.0,2.0
362,threshold_based,0.8241096703959289,K1,P1,ReplaceBearing,BearingWearHigh,Bearing,6.0,600.0,3.0
362,cost_only,0.8241096703959289,K1,P1,ReplaceBearing,BearingWearHigh,Bearing,6.0,600.0,3.0
364,threshold_based,0.36862579187983163,K1,P1,ReplaceBearing,BearingWearHigh,Bearing,6.0,600.0,3.0
364,cost_only,0.36862579187983163,K1,P1,ReplaceBearing,BearingWearHigh,Bearing,6.0,600.0,3.0
366,threshold_based,0.7163083657694294,K1,P1,RepairFan,FanFault,Fan,2.0,150.0,2.0
366,cost_only,0.7163083657694294,K4,P1,FlushCoolant,LowCoolingEfficiency,CoolingSystem,2.0,90.0,2.0
368,threshold_based,0.5682271699260382,K1,P1,RepairFan,FanFault,Fan,2.0,150.0,2.0
368,cost_only,0.5682271699260382,K4,P1,FlushCoolant,LowCoolingEfficiency,CoolingSystem,2.0,90.0,2.0
370,threshold_based,0.7163083657694294,K1,P1,RepairFan,FanFault,Fan,2.0,150.0,2.0
370,cost_only,0.7163083657694294,K4,P1,FlushCoolant,LowCoolingEfficiency,CoolingSystem,2.0,90.0,2.0
371,threshold_based,0.7024333019595443,K1,P1,ReplaceBearing,BearingWearHigh,Bearing,6.0,600.0,3.0
371,cost_only,0.7024333019595443,K1,P1,ReplaceBearing,BearingWearHigh,Bearing,6.0,600.0,3.0
372,threshold_based,0.5854251442713096,K1,P1,RepairFan,FanFault,Fan,2.0,150.0,2.0
372,cost_only,0.5854251442713096,K4,P1,FlushCoolant,LowCoolingEfficiency,CoolingSystem,2.0,90.0,2.0
373,threshold_based,0.36862579187983163,K1,P1,ReplaceBearing,BearingWearHigh,Bearing,6.0,600.0,3.0
373,cost_only,0.36862579187983163,K1,P1,ReplaceBearing,BearingWearHigh,Bearing,6.0,600.0,3.0
374,threshold_based,0.7163083657694294,K1,P1,RepairFan,FanFault,Fan,2.0,150.0,2.0
374,cost_only,0.7163083657694294,K4,P1,FlushCoolant,LowCoolingEfficiency,CoolingSystem,2.0,90.0,2.0
376,threshold_based,0.7512171138885846,K1,P1,ReplaceBearing,BearingWearHigh,Bearing,6.0,600.0,3.0
376,cost_only,0.7512171138885846,K1,P1,ReplaceBearing,BearingWearHigh,Bearing,6.0,600.0,3.0
377,threshold_based,0.38843926799089806,K1,P1,RepairFan,FanFault,Fan,2.0,150.0,2.0
377,cost_only,0.38843926799089806,K4,P1,FlushCoolant,LowCoolingEfficiency,CoolingSystem,2.0,90.0,2.0
378,threshold_based,0.5559542695800941,K1,P1,ReplaceBearing,BearingWearHigh,Bearing,6.0,600.0,3.0
378,cost_only,0.5559542695800941,K1,P1,ReplaceBearing,BearingWearHigh,Bearing,6.0,600.0,3.0
379,threshold_based,0.4719321307079411,K1,P1,CleanFilter,CloggedFilter,Filter,1.5,50.0,1.0
379,cost_only,0.4719321307079411,K3,P1,CleanFilter,CloggedFilter,Filter,1.5,50.0,1.0
380,threshold_based,0.8241096703959289,K1,P1,ReplaceBearing,BearingWearHigh,Bearing,6.0,600.0,3.0
380,cost_only,0.8241096703959289,K1,P1,ReplaceBearing,BearingWearHigh,Bearing,6.0,600.0,3.0
381,threshold_based,0.8241096703959289,K1,P1,ReplaceBearing,BearingWearHigh,Bearing,6.0,600.0,3.0
381,cost_only,0.8241096703959289,K1,P1,ReplaceBearing,BearingWearHigh,Bearing,6.0,600.0,3.0
383,threshold_based,0.7163083657694294,K1,P1,RepairFan,FanFault,Fan,2.0,150.0,2.0
383,cost_only,0.7163083657694294,K4,P1,FlushCoolant,LowCoolingEfficiency,CoolingSystem,2.0,90.0,2.0
385,threshold_based,0.8241096703959289,K1,P1,ReplaceBearing,BearingWearHigh,Bearing,6.0,600.0,3.0
385,cost_only,0.8241096703959289,K1,P1,ReplaceBearing,BearingWearHigh,Bearing,6.0,600.0,3.0
386,threshold_based,0.38843926799089806,K1,P1,RepairFan,FanFault,Fan,2.0,150.0,2.0
386,cost_only,0.38843926799089806,K4,P1,FlushCoolant,LowCoolingEfficiency,CoolingSystem,2.0,90.0,2.0
387,threshold_based,0.5682271699260382,K1,P1,RepairFan,FanFault,Fan,2.0,150.0,2.0
387,cost_only,0.5682271699260382,K4,P1,FlushCoolant,LowCoolingEfficiency,CoolingSystem,2.0,90.0,2.0
388,threshold_based,0.8241096703959289,K1,P1,ReplaceBearing,BearingWearHigh,Bearing,6.0,600.0,3.0
388,cost_only,0.8241096703959289,K1,P1,ReplaceBearing,BearingWearHigh,Bearing,6.0,600.0,3.0
389,threshold_based,0.7163083657694294,K1,P1,RepairFan,FanFault,Fan,2.0,150.0,2.0
389,cost_only,0.7163083657694294,K4,P1,FlushCoolant,LowCoolingEfficiency,CoolingSystem,2.0,90.0,2.0
392,threshold_based,0.8241096703959289,K1,P1,ReplaceBearing,BearingWearHigh,Bearing,6.0,600.0,3.0
392,cost_only,0.8241096703959289,K1,P1,ReplaceBearing,BearingWearHigh,Bearing,6.0,600.0,3.0
394,threshold_based,0.7163083657694294,K1,P1,RepairFan,FanFault,Fan,2.0,150.0,2.0
394,cost_only,0.7163083657694294,K4,P1,FlushCoolant,LowCoolingEfficiency,CoolingSystem,2.0,90.0,2.0
397,threshold_based,0.8241096703959289,K1,P1,ReplaceBearing,BearingWearHigh,Bearing,6.0,600.0,3.0
397,cost_only,0.8241096703959289,K1,P1,ReplaceBearing,BearingWearHigh,Bearing,6.0,600.0,3.0
398,threshold_based,0.7512171138885846,K1,P1,ReplaceBearing,BearingWearHigh,Bearing,6.0,600.0,3.0
398,cost_only,0.7512171138885846,K1,P1,ReplaceBearing,BearingWearHigh,Bearing,6.0,600.0,3.0
400,threshold_based,0.7024333019595443,K1,P1,ReplaceBearing,BearingWearHigh,Bearing,6.0,600.0,3.0
400,cost_only,0.7024333019595443,K1,P1,ReplaceBearing,BearingWearHigh,Bearing,6.0,600.0,3.0
401,threshold_based,0.45878192958150993,K1,P1,CleanFilter,CloggedFilter,Filter,1.5,50.0,1.0
401,cost_only,0.45878192958150993,K3,P1,CleanFilter,CloggedFilter,Filter,1.5,50.0,1.0
402,threshold_based,0.578929441296426,K1,P1,ReplaceBearing,BearingWearHigh,Bearing,6.0,600.0,3.0
402,cost_only,0.578929441296426,K1,P1,ReplaceBearing,BearingWearHigh,Bearing,6.0,600.0,3.0
404,threshold_based,0.8241096703959289,K1,P1,ReplaceBearing,BearingWearHigh,Bearing,6.0,600.0,3.0
404,cost_only,0.8241096703959289,K1,P1,ReplaceBearing,BearingWearHigh,Bearing,6.0,600.0,3.0
407,threshold_based,0.7163083657694294,K1,P1,RepairFan,FanFault,Fan,2.0,150.0,2.0
407,cost_only,0.7163083657694294,K4,P1,FlushCoolant,LowCoolingEfficiency,CoolingSystem,2.0,90.0,2.0
408,threshold_based,0.8241096703959289,K1,P1,ReplaceBearing,BearingWearHigh,Bearing,6.0,600.0,3.0
408,cost_only,0.8241096703959289,K1,P1,ReplaceBearing,BearingWearHigh,Bearing,6.0,600.0,3.0
410,threshold_based,0.5854251442713096,K1,P1,RepairFan,FanFault,Fan,2.0,150.0,2.0
410,cost_only,0.5854251442713096,K4,P1,FlushCoolant,LowCoolingEfficiency,CoolingSystem,2.0,90.0,2.0
411,threshold_based,0.6181523336133433,K1,P1,RepairFan,FanFault,Fan,2.0,150.0,2.0
411,cost_only,0.6181523336133433,K2,P1,RepairFan,FanFault,Fan,2.0,150.0,2.0
414,threshold_based,0.7163083657694294,K1,P1,RepairFan,FanFault,Fan,2.0,150.0,2.0
414,cost_only,0.7163083657694294,K4,P1,FlushCoolant,LowCoolingEfficiency,CoolingSystem,2.0,90.0,2.0
415,threshold_based,0.7163083657694294,K1,P1,RepairFan,FanFault,Fan,2.0,150.0,2.0
415,cost_only,0.7163083657694294,K4,P1,FlushCoolant,LowCoolingEfficiency,CoolingSystem,2.0,90.0,2.0
416,threshold_based,0.5854251442713096,K1,P1,RepairFan,FanFault,Fan,2.0,150.0,2.0
416,cost_only,0.5854251442713096,K4,P1,FlushCoolant,LowCoolingEfficiency,CoolingSystem,2.0,90.0,2.0
419,threshold_based,0.7163083657694294,K1,P1,RepairFan,FanFault,Fan,2.0,150.0,2.0
419,cost_only,0.7163083657694294,K4,P1,FlushCoolant,LowCoolingEfficiency,CoolingSystem,2.0,90.0,2.0
421,threshold_based,0.7163083657694294,K1,P1,RepairFan,FanFault,Fan,2.0,150.0,2.0
421,cost_only,0.7163083657694294,K4,P1,FlushCoolant,LowCoolingEfficiency,CoolingSystem,2.0,90.0,2.0
422,threshold_based,0.7512171138885846,K1,P1,ReplaceBearing,BearingWearHigh,Bearing,6.0,600.0,3.0
422,cost_only,0.7512171138885846,K1,P1,ReplaceBearing,BearingWearHigh,Bearing,6.0,600.0,3.0
423,threshold_based,0.7163083657694294,K1,P1,RepairFan,FanFault,Fan,2.0,150.0,2.0
423,cost_only,0.7163083657694294,K4,P1,FlushCoolant,LowCoolingEfficiency,CoolingSystem,2.0,90.0,2.0
425,threshold_based,0.7163083657694294,K1,P1,RepairFan,FanFault,Fan,2.0,150.0,2.0
425,cost_only,0.7163083657694294,K4,P1,FlushCoolant,LowCoolingEfficiency,CoolingSystem,2.0,90.0,2.0
428,threshold_based,0.38843926799089806,K1,P1,RepairFan,FanFault,Fan,2.0,150.0,2.0
428,cost_only,0.38843926799089806,K4,P1,FlushCoolant,LowCoolingEfficiency,CoolingSystem,2.0,90.0,2.0
429,threshold_based,0.6181523336133433,K1,P1,RepairFan,FanFault,Fan,2.0,150.0,2.0
429,cost_only,0.6181523336133433,K2,P1,RepairFan,FanFault,Fan,2.0,150.0,2.0
433,threshold_based,0.7024333019595443,K1,P1,ReplaceBearing,BearingWearHigh,Bearing,6.0,600.0,3.0
433,cost_only,0.7024333019595443,K1,P1,ReplaceBearing,BearingWearHigh,Bearing,6.0,600.0,3.0
435,threshold_based,0.5854251442713096,K1,P1,RepairFan,FanFault,Fan,2.0,150.0,2.0
435,cost_only,0.5854251442713096,K4,P1,FlushCoolant,LowCoolingEfficiency,CoolingSystem,2.0,90.0,2.0
436,threshold_based,0.38843926799089806,K1,P1,RepairFan,FanFault,Fan,2.0,150.0,2.0
436,cost_only,0.38843926799089806,K4,P1,FlushCoolant,LowCoolingEfficiency,CoolingSystem,2.0,90.0,2.0
437,threshold_based,0.8241096703959289,K1,P1,ReplaceBearing,BearingWearHigh,Bearing,6.0,600.0,3.0
437,cost_only,0.8241096703959289,K1,P1,ReplaceBearing,BearingWearHigh,Bearing,6.0,600.0,3.0
438,threshold_based,0.5682271699260382,K1,P1,RepairFan,FanFault,Fan,2.0,150.0,2.0
438,cost_only,0.5682271699260382,K4,P1,FlushCoolant,LowCoolingEfficiency,CoolingSystem,2.0,90.0,2.0
440,threshold_based,0.7024333019595443,K1,P1,ReplaceBearing,BearingWearHigh,Bearing,6.0,600.0,3.0
440,cost_only,0.7024333019595443,K1,P1,ReplaceBearing,BearingWearHigh,Bearing,6.0,600.0,3.0
441,threshold_based,0.8241096703959289,K1,P1,ReplaceBearing,BearingWearHigh,Bearing,6.0,600.0,3.0
441,cost_only,0.8241096703959289,K1,P1,ReplaceBearing,BearingWearHigh,Bearing,6.0,600.0,3.0
442,threshold_based,0.7859128158716552,K1,P1,RepairFan,FanFault,Fan,2.0,150.0,2.0
442,cost_only,0.7859128158716552,K2,P1,RepairFan,FanFault,Fan,2.0,150.0,2.0
443,threshold_based,0.36862579187983163,K1,P1,ReplaceBearing,BearingWearHigh,Bearing,6.0,600.0,3.0
443,cost_only,0.36862579187983163,K1,P1,ReplaceBearing,BearingWearHigh,Bearing,6.0,600.0,3.0
447,threshold_based,0.8241096703959289,K1,P1,ReplaceBearing,BearingWearHigh,Bearing,6.0,600.0,3.0
447,cost_only,0.8241096703959289,K1,P1,ReplaceBearing,BearingWearHigh,Bearing,6.0,600.0,3.0
450,threshold_based,0.7163083657694294,K1,P1,RepairFan,FanFault,Fan,2.0,150.0,2.0
450,cost_only,0.7163083657694294,K4,P1,FlushCoolant,LowCoolingEfficiency,CoolingSystem,2.0,90.0,2.0
451,threshold_based,0.5682271699260382,K1,P1,RepairFan,FanFault,Fan,2.0,150.0,2.0
451,cost_only,0.5682271699260382,K4,P1,FlushCoolant,LowCoolingEfficiency,CoolingSystem,2.0,90.0,2.0
453,threshold_based,0.7163083657694294,K1,P1,RepairFan,FanFault,Fan,2.0,150.0,2.0
453,cost_only,0.7163083657694294,K4,P1,FlushCoolant,LowCoolingEfficiency,CoolingSystem,2.0,90.0,2.0
455,threshold_based,0.5854251442713096,K1,P1,RepairFan,FanFault,Fan,2.0,150.0,2.0
455,cost_only,0.5854251442713096,K4,P1,FlushCoolant,LowCoolingEfficiency,CoolingSystem,2.0,90.0,2.0
458,threshold_based,0.7024333019595443,K1,P1,ReplaceBearing,BearingWearHigh,Bearing,6.0,600.0,3.0
458,cost_only,0.7024333019595443,K1,P1,ReplaceBearing,BearingWearHigh,Bearing,6.0,600.0,3.0
459,threshold_based,0.7512171138885846,K1,P1,ReplaceBearing,BearingWearHigh,Bearing,6.0,600.0,3.0
459,cost_only,0.7512171138885846,K1,P1,ReplaceBearing,BearingWearHigh,Bearing,6.0,600.0,3.0
460,threshold_based,0.7024333019595443,K1,P1,ReplaceBearing,BearingWearHigh,Bearing,6.0,600.0,3.0
460,cost_only,0.7024333019595443,K1,P1,ReplaceBearing,BearingWearHigh,Bearing,6.0,600.0,3.0
462,threshold_based,0.7163083657694294,K1,P1,RepairFan,FanFault,Fan,2.0,150.0,2.0
462,cost_only,0.7163083657694294,K4,P1,FlushCoolant,LowCoolingEfficiency,CoolingSystem,2.0,90.0,2.0
463,threshold_based,0.8241096703959289,K1,P1,ReplaceBearing,BearingWearHigh,Bearing,6.0,600.0,3.0
463,cost_only,0.8241096703959289,K1,P1,ReplaceBearing,BearingWearHigh,Bearing,6.0,600.0,3.0
464,threshold_based,0.7163083657694294,K1,P1,RepairFan,FanFault,Fan,2.0,150.0,2.0
464,cost_only,0.7163083657694294,K4,P1,FlushCoolant,LowCoolingEfficiency,CoolingSystem,2.0,90.0,2.0
465,threshold_based,0.7163083657694294,K1,P1,RepairFan,FanFault,Fan,2.0,150.0,2.0
465,cost_only,0.7163083657694294,K4,P1,FlushCoolant,LowCoolingEfficiency,CoolingSystem,2.0,90.0,2.0
468,threshold_based,0.7024333019595443,K1,P1,ReplaceBearing,BearingWearHigh,Bearing,6.0,600.0,3.0
468,cost_only,0.7024333019595443,K1,P1,ReplaceBearing,BearingWearHigh,Bearing,6.0,600.0,3.0
469,threshold_based,0.7163083657694294,K1,P1,RepairFan,FanFault,Fan,2.0,150.0,2.0
469,cost_only,0.7163083657694294,K4,P1,FlushCoolant,LowCoolingEfficiency,CoolingSystem,2.0,90.0,2.0
470,threshold_based,0.8241096703959289,K1,P1,ReplaceBearing,BearingWearHigh,Bearing,6.0,600.0,3.0
470,cost_only,0.8241096703959289,K1,P1,ReplaceBearing,BearingWearHigh,Bearing,6.0,600.0,3.0
471,threshold_based,0.8241096703959289,K1,P1,ReplaceBearing,BearingWearHigh,Bearing,6.0,600.0,3.0
471,cost_only,0.8241096703959289,K1,P1,ReplaceBearing,BearingWearHigh,Bearing,6.0,600.0,3.0
475,threshold_based,0.7250741531729615,K1,P1,ReplaceBearing,BearingWearHigh,Bearing,6.0,600.0,3.0
475,cost_only,0.7250741531729615,K1,P1,ReplaceBearing,BearingWearHigh,Bearing,6.0,600.0,3.0
477,threshold_based,0.7859128158716552,K1,P1,RepairFan,FanFault,Fan,2.0,150.0,2.0
477,cost_only,0.7859128158716552,K2,P1,RepairFan,FanFault,Fan,2.0,150.0,2.0
478,threshold_based,0.7250741531729615,K1,P1,ReplaceBearing,BearingWearHigh,Bearing,6.0,600.0,3.0
478,cost_only,0.7250741531729615,K1,P1,ReplaceBearing,BearingWearHigh,Bearing,6.0,600.0,3.0
479,threshold_based,0.7250741531729615,K1,P1,ReplaceBearing,BearingWearHigh,Bearing,6.0,600.0,3.0
479,cost_only,0.7250741531729615,K1,P1,ReplaceBearing,BearingWearHigh,Bearing,6.0,600.0,3.0
480,threshold_based,0.7163083657694294,K1,P1,RepairFan,FanFault,Fan,2.0,150.0,2.0
480,cost_only,0.7163083657694294,K4,P1,FlushCoolant,LowCoolingEfficiency,CoolingSystem,2.0,90.0,2.0
484,threshold_based,0.5854251442713096,K1,P1,RepairFan,FanFault,Fan,2.0,150.0,2.0
484,cost_only,0.5854251442713096,K4,P1,FlushCoolant,LowCoolingEfficiency,CoolingSystem,2.0,90.0,2.0
492,threshold_based,0.7163083657694294,K1,P1,RepairFan,FanFault,Fan,2.0,150.0,2.0
492,cost_only,0.7163083657694294,K4,P1,FlushCoolant,LowCoolingEfficiency,CoolingSystem,2.0,90.0,2.0
493,threshold_based,0.5854251442713096,K1,P1,RepairFan,FanFault,Fan,2.0,150.0,2.0
493,cost_only,0.5854251442713096,K4,P1,FlushCoolant,LowCoolingEfficiency,CoolingSystem,2.0,90.0,2.0
497,threshold_based,0.7512171138885846,K1,P1,ReplaceBearing,BearingWearHigh,Bearing,6.0,600.0,3.0
497,cost_only,0.7512171138885846,K1,P1,ReplaceBearing,BearingWearHigh,Bearing,6.0,600.0,3.0
500,threshold_based,0.7250741531729615,K1,P1,ReplaceBearing,BearingWearHigh,Bearing,6.0,600.0,3.0
500,cost_only,0.7250741531729615,K1,P1,ReplaceBearing,BearingWearHigh,Bearing,6.0,600.0,3.0
501,threshold_based,0.7024333019595443,K1,P1,ReplaceBearing,BearingWearHigh,Bearing,6.0,600.0,3.0
501,cost_only,0.7024333019595443,K1,P1,ReplaceBearing,BearingWearHigh,Bearing,6.0,600.0,3.0
506,threshold_based,0.7163083657694294,K1,P1,RepairFan,FanFault,Fan,2.0,150.0,2.0
506,cost_only,0.7163083657694294,K4,P1,FlushCoolant,LowCoolingEfficiency,CoolingSystem,2.0,90.0,2.0
507,threshold_based,0.41728610828188556,K1,P1,FlushCoolant,LowCoolingEfficiency,CoolingSystem,2.0,90.0,2.0
507,cost_only,0.41728610828188556,K4,P1,FlushCoolant,LowCoolingEfficiency,CoolingSystem,2.0,90.0,2.0
508,threshold_based,0.36862579187983163,K1,P1,ReplaceBearing,BearingWearHigh,Bearing,6.0,600.0,3.0
508,cost_only,0.36862579187983163,K1,P1,ReplaceBearing,BearingWearHigh,Bearing,6.0,600.0,3.0
510,threshold_based,0.5854251442713096,K1,P1,RepairFan,FanFault,Fan,2.0,150.0,2.0
510,cost_only,0.5854251442713096,K4,P1,FlushCoolant,LowCoolingEfficiency,CoolingSystem,2.0,90.0,2.0
511,threshold_based,0.8241096703959289,K1,P1,ReplaceBearing,BearingWearHigh,Bearing,6.0,600.0,3.0
511,cost_only,0.8241096703959289,K1,P1,ReplaceBearing,BearingWearHigh,Bearing,6.0,600.0,3.0
512,threshold_based,0.8241096703959289,K1,P1,ReplaceBearing,BearingWearHigh,Bearing,6.0,600.0,3.0
512,cost_only,0.8241096703959289,K1,P1,ReplaceBearing,BearingWearHigh,Bearing,6.0,600.0,3.0
519,threshold_based,0.8241096703959289,K1,P1,ReplaceBearing,BearingWearHigh,Bearing,6.0,600.0,3.0
519,cost_only,0.8241096703959289,K1,P1,ReplaceBearing,BearingWearHigh,Bearing,6.0,600.0,3.0
522,threshold_based,0.6181523336133433,K1,P1,RepairFan,FanFault,Fan,2.0,150.0,2.0
522,cost_only,0.6181523336133433,K2,P1,RepairFan,FanFault,Fan,2.0,150.0,2.0
524,threshold_based,0.7163083657694294,K1,P1,RepairFan,FanFault,Fan,2.0,150.0,2.0
524,cost_only,0.7163083657694294,K4,P1,FlushCoolant,LowCoolingEfficiency,CoolingSystem,2.0,90.0,2.0
525,threshold_based,0.8241096703959289,K1,P1,ReplaceBearing,BearingWearHigh,Bearing,6.0,600.0,3.0
525,cost_only,0.8241096703959289,K1,P1,ReplaceBearing,BearingWearHigh,Bearing,6.0,600.0,3.0
529,threshold_based,0.7024333019595443,K1,P1,ReplaceBearing,BearingWearHigh,Bearing,6.0,600.0,3.0
529,cost_only,0.7024333019595443,K1,P1,ReplaceBearing,BearingWearHigh,Bearing,6.0,600.0,3.0
532,threshold_based,0.36862579187983163,K1,P1,ReplaceBearing,BearingWearHigh,Bearing,6.0,600.0,3.0
532,cost_only,0.36862579187983163,K1,P1,ReplaceBearing,BearingWearHigh,Bearing,6.0,600.0,3.0
534,threshold_based,0.7163083657694294,K1,P1,RepairFan,FanFault,Fan,2.0,150.0,2.0
534,cost_only,0.7163083657694294,K4,P1,FlushCoolant,LowCoolingEfficiency,CoolingSystem,2.0,90.0,2.0
536,threshold_based,0.8241096703959289,K1,P1,ReplaceBearing,BearingWearHigh,Bearing,6.0,600.0,3.0
536,cost_only,0.8241096703959289,K1,P1,ReplaceBearing,BearingWearHigh,Bearing,6.0,600.0,3.0
537,threshold_based,0.8241096703959289,K1,P1,ReplaceBearing,BearingWearHigh,Bearing,6.0,600.0,3.0
537,cost_only,0.8241096703959289,K1,P1,ReplaceBearing,BearingWearHigh,Bearing,6.0,600.0,3.0
538,threshold_based,0.7859128158716552,K1,P1,RepairFan,FanFault,Fan,2.0,150.0,2.0
538,cost_only,0.7859128158716552,K2,P1,RepairFan,FanFault,Fan,2.0,150.0,2.0
543,threshold_based,0.7163083657694294,K1,P1,RepairFan,FanFault,Fan,2.0,150.0,2.0
543,cost_only,0.7163083657694294,K4,P1,FlushCoolant,LowCoolingEfficiency,CoolingSystem,2.0,90.0,2.0
545,threshold_based,0.7163083657694294,K1,P1,RepairFan,FanFault,Fan,2.0,150.0,2.0
545,cost_only,0.7163083657694294,K4,P1,FlushCoolant,LowCoolingEfficiency,CoolingSystem,2.0,90.0,2.0
547,threshold_based,0.8241096703959289,K1,P1,ReplaceBearing,BearingWearHigh,Bearing,6.0,600.0,3.0
547,cost_only,0.8241096703959289,K1,P1,ReplaceBearing,BearingWearHigh,Bearing,6.0,600.0,3.0
548,threshold_based,0.8241096703959289,K1,P1,ReplaceBearing,BearingWearHigh,Bearing,6.0,600.0,3.0
548,cost_only,0.8241096703959289,K1,P1,ReplaceBearing,BearingWearHigh,Bearing,6.0,600.0,3.0
549,threshold_based,0.7512171138885846,K1,P1,ReplaceBearing,BearingWearHigh,Bearing,6.0,600.0,3.0
549,cost_only,0.7512171138885846,K1,P1,ReplaceBearing,BearingWearHigh,Bearing,6.0,600.0,3.0
550,threshold_based,0.8241096703959289,K1,P1,ReplaceBearing,BearingWearHigh,Bearing,6.0,600.0,3.0
550,cost_only,0.8241096703959289,K1,P1,ReplaceBearing,BearingWearHigh,Bearing,6.0,600.0,3.0
551,threshold_based,0.8241096703959289,K1,P1,ReplaceBearing,BearingWearHigh,Bearing,6.0,600.0,3.0
551,cost_only,0.8241096703959289,K1,P1,ReplaceBearing,BearingWearHigh,Bearing,6.0,600.0,3.0
552,threshold_based,0.7163083657694294,K1,P1,RepairFan,FanFault,Fan,2.0,150.0,2.0
552,cost_only,0.7163083657694294,K4,P1,FlushCoolant,LowCoolingEfficiency,CoolingSystem,2.0,90.0,2.0
553,threshold_based,0.36862579187983163,K1,P1,ReplaceBearing,BearingWearHigh,Bearing,6.0,600.0,3.0
553,cost_only,0.36862579187983163,K1,P1,ReplaceBearing,BearingWearHigh,Bearing,6.0,600.0,3.0
556,threshold_based,0.7163083657694294,K1,P1,RepairFan,FanFault,Fan,2.0,150.0,2.0
556,cost_only,0.7163083657694294,K4,P1,FlushCoolant,LowCoolingEfficiency,CoolingSystem,2.0,90.0,2.0
557,threshold_based,0.8241096703959289,K1,P1,ReplaceBearing,BearingWearHigh,Bearing,6.0,600.0,3.0
557,cost_only,0.8241096703959289,K1,P1,ReplaceBearing,BearingWearHigh,Bearing,6.0,600.0,3.0
558,threshold_based,0.578929441296426,K1,P1,ReplaceBearing,BearingWearHigh,Bearing,6.0,600.0,3.0
558,cost_only,0.578929441296426,K1,P1,ReplaceBearing,BearingWearHigh,Bearing,6.0,600.0,3.0
559,threshold_based,0.7163083657694294,K1,P1,RepairFan,FanFault,Fan,2.0,150.0,2.0
559,cost_only,0.7163083657694294,K4,P1,FlushCoolant,LowCoolingEfficiency,CoolingSystem,2.0,90.0,2.0
565,threshold_based,0.7512171138885846,K1,P1,ReplaceBearing,BearingWearHigh,Bearing,6.0,600.0,3.0
565,cost_only,0.7512171138885846,K1,P1,ReplaceBearing,BearingWearHigh,Bearing,6.0,600.0,3.0
566,threshold_based,0.7163083657694294,K1,P1,RepairFan,FanFault,Fan,2.0,150.0,2.0
566,cost_only,0.7163083657694294,K4,P1,FlushCoolant,LowCoolingEfficiency,CoolingSystem,2.0,90.0,2.0
567,threshold_based,0.7024333019595443,K1,P1,ReplaceBearing,BearingWearHigh,Bearing,6.0,600.0,3.0
567,cost_only,0.7024333019595443,K1,P1,ReplaceBearing,BearingWearHigh,Bearing,6.0,600.0,3.0
570,threshold_based,0.5559542695800941,K1,P1,ReplaceBearing,BearingWearHigh,Bearing,6.0,600.0,3.0
570,cost_only,0.5559542695800941,K1,P1,ReplaceBearing,BearingWearHigh,Bearing,6.0,600.0,3.0
572,threshold_based,0.6181523336133433,K1,P1,RepairFan,FanFault,Fan,2.0,150.0,2.0
572,cost_only,0.6181523336133433,K2,P1,RepairFan,FanFault,Fan,2.0,150.0,2.0
575,threshold_based,0.8241096703959289,K1,P1,ReplaceBearing,BearingWearHigh,Bearing,6.0,600.0,3.0
575,cost_only,0.8241096703959289,K1,P1,ReplaceBearing,BearingWearHigh,Bearing,6.0,600.0,3.0
577,threshold_based,0.8241096703959289,K1,P1,ReplaceBearing,BearingWearHigh,Bearing,6.0,600.0,3.0
577,cost_only,0.8241096703959289,K1,P1,ReplaceBearing,BearingWearHigh,Bearing,6.0,600.0,3.0
578,threshold_based,0.7163083657694294,K1,P1,RepairFan,FanFault,Fan,2.0,150.0,2.0
578,cost_only,0.7163083657694294,K4,P1,FlushCoolant,LowCoolingEfficiency,CoolingSystem,2.0,90.0,2.0
579,threshold_based,0.8241096703959289,K1,P1,ReplaceBearing,BearingWearHigh,Bearing,6.0,600.0,3.0
579,cost_only,0.8241096703959289,K1,P1,ReplaceBearing,BearingWearHigh,Bearing,6.0,600.0,3.0
580,threshold_based,0.8241096703959289,K1,P1,ReplaceBearing,BearingWearHigh,Bearing,6.0,600.0,3.0
580,cost_only,0.8241096703959289,K1,P1,ReplaceBearing,BearingWearHigh,Bearing,6.0,600.0,3.0
584,threshold_based,0.5854251442713096,K1,P1,RepairFan,FanFault,Fan,2.0,150.0,2.0
584,cost_only,0.5854251442713096,K4,P1,FlushCoolant,LowCoolingEfficiency,CoolingSystem,2.0,90.0,2.0
586,threshold_based,0.8241096703959289,K1,P1,ReplaceBearing,BearingWearHigh,Bearing,6.0,600.0,3.0
586,cost_only,0.8241096703959289,K1,P1,ReplaceBearing,BearingWearHigh,Bearing,6.0,600.0,3.0
587,threshold_based,0.6181523336133433,K1,P1,RepairFan,FanFault,Fan,2.0,150.0,2.0
587,cost_only,0.6181523336133433,K2,P1,RepairFan,FanFault,Fan,2.0,150.0,2.0
588,threshold_based,0.7512171138885846,K1,P1,ReplaceBearing,BearingWearHigh,Bearing,6.0,600.0,3.0
588,cost_only,0.7512171138885846,K1,P1,ReplaceBearing,BearingWearHigh,Bearing,6.0,600.0,3.0
593,threshold_based,0.6181523336133433,K1,P1,RepairFan,FanFault,Fan,2.0,150.0,2.0
593,cost_only,0.6181523336133433,K2,P1,RepairFan,FanFault,Fan,2.0,150.0,2.0
595,threshold_based,0.5559542695800941,K1,P1,ReplaceBearing,BearingWearHigh,Bearing,6.0,600.0,3.0
595,cost_only,0.5559542695800941,K1,P1,ReplaceBearing,BearingWearHigh,Bearing,6.0,600.0,3.0
597,threshold_based,0.5682271699260382,K1,P1,RepairFan,FanFault,Fan,2.0,150.0,2.0
597,cost_only,0.5682271699260382,K4,P1,FlushCoolant,LowCoolingEfficiency,CoolingSystem,2.0,90.0,2.0
598,threshold_based,0.8241096703959289,K1,P1,ReplaceBearing,BearingWearHigh,Bearing,6.0,600.0,3.0
598,cost_only,0.8241096703959289,K1,P1,ReplaceBearing,BearingWearHigh,Bearing,6.0,600.0,3.0
599,threshold_based,0.7163083657694294,K1,P1,RepairFan,FanFault,Fan,2.0,150.0,2.0
599,cost_only,0.7163083657694294,K4,P1,FlushCoolant,LowCoolingEfficiency,CoolingSystem,2.0,90.0,2.0
601,threshold_based,0.5682271699260382,K1,P1,RepairFan,FanFault,Fan,2.0,150.0,2.0
601,cost_only,0.5682271699260382,K4,P1,FlushCoolant,LowCoolingEfficiency,CoolingSystem,2.0,90.0,2.0
604,threshold_based,0.8241096703959289,K1,P1,ReplaceBearing,BearingWearHigh,Bearing,6.0,600.0,3.0
604,cost_only,0.8241096703959289,K1,P1,ReplaceBearing,BearingWearHigh,Bearing,6.0,600.0,3.0
606,threshold_based,0.6181523336133433,K1,P1,RepairFan,FanFault,Fan,2.0,150.0,2.0
606,cost_only,0.6181523336133433,K2,P1,RepairFan,FanFault,Fan,2.0,150.0,2.0
607,threshold_based,0.7512171138885846,K1,P1,ReplaceBearing,BearingWearHigh,Bearing,6.0,600.0,3.0
607,cost_only,0.7512171138885846,K1,P1,ReplaceBearing,BearingWearHigh,Bearing,6.0,600.0,3.0
609,threshold_based,0.7163083657694294,K1,P1,RepairFan,FanFault,Fan,2.0,150.0,2.0
609,cost_only,0.7163083657694294,K4,P1,FlushCoolant,LowCoolingEfficiency,CoolingSystem,2.0,90.0,2.0
611,threshold_based,0.7024333019595443,K1,P1,ReplaceBearing,BearingWearHigh,Bearing,6.0,600.0,3.0
611,cost_only,0.7024333019595443,K1,P1,ReplaceBearing,BearingWearHigh,Bearing,6.0,600.0,3.0
612,threshold_based,0.8241096703959289,K1,P1,ReplaceBearing,BearingWearHigh,Bearing,6.0,600.0,3.0
612,cost_only,0.8241096703959289,K1,P1,ReplaceBearing,BearingWearHigh,Bearing,6.0,600.0,3.0
613,threshold_based,0.8241096703959289,K1,P1,ReplaceBearing,BearingWearHigh,Bearing,6.0,600.0,3.0
613,cost_only,0.8241096703959289,K1,P1,ReplaceBearing,BearingWearHigh,Bearing,6.0,600.0,3.0
614,threshold_based,0.5854251442713096,K1,P1,RepairFan,FanFault,Fan,2.0,150.0,2.0
614,cost_only,0.5854251442713096,K4,P1,FlushCoolant,LowCoolingEfficiency,CoolingSystem,2.0,90.0,2.0
616,threshold_based,0.7250741531729615,K1,P1,ReplaceBearing,BearingWearHigh,Bearing,6.0,600.0,3.0
616,cost_only,0.7250741531729615,K1,P1,ReplaceBearing,BearingWearHigh,Bearing,6.0,600.0,3.0
619,threshold_based,0.8241096703959289,K1,P1,ReplaceBearing,BearingWearHigh,Bearing,6.0,600.0,3.0
619,cost_only,0.8241096703959289,K1,P1,ReplaceBearing,BearingWearHigh,Bearing,6.0,600.0,3.0
626,threshold_based,0.7163083657694294,K1,P1,RepairFan,FanFault,Fan,2.0,150.0,2.0
626,cost_only,0.7163083657694294,K4,P1,FlushCoolant,LowCoolingEfficiency,CoolingSystem,2.0,90.0,2.0
627,threshold_based,0.7512171138885846,K1,P1,ReplaceBearing,BearingWearHigh,Bearing,6.0,600.0,3.0
627,cost_only,0.7512171138885846,K1,P1,ReplaceBearing,BearingWearHigh,Bearing,6.0,600.0,3.0
628,threshold_based,0.8241096703959289,K1,P1,ReplaceBearing,BearingWearHigh,Bearing,6.0,600.0,3.0
628,cost_only,0.8241096703959289,K1,P1,ReplaceBearing,BearingWearHigh,Bearing,6.0,600.0,3.0
629,threshold_based,0.5682271699260382,K1,P1,RepairFan,FanFault,Fan,2.0,150.0,2.0
629,cost_only,0.5682271699260382,K4,P1,FlushCoolant,LowCoolingEfficiency,CoolingSystem,2.0,90.0,2.0
630,threshold_based,0.8241096703959289,K1,P1,ReplaceBearing,BearingWearHigh,Bearing,6.0,600.0,3.0
630,cost_only,0.8241096703959289,K1,P1,ReplaceBearing,BearingWearHigh,Bearing,6.0,600.0,3.0
631,threshold_based,0.8241096703959289,K1,P1,ReplaceBearing,BearingWearHigh,Bearing,6.0,600.0,3.0
631,cost_only,0.8241096703959289,K1,P1,ReplaceBearing,BearingWearHigh,Bearing,6.0,600.0,3.0
632,threshold_based,0.38843926799089806,K1,P1,RepairFan,FanFault,Fan,2.0,150.0,2.0
632,cost_only,0.38843926799089806,K4,P1,FlushCoolant,LowCoolingEfficiency,CoolingSystem,2.0,90.0,2.0
633,threshold_based,0.7512171138885846,K1,P1,ReplaceBearing,BearingWearHigh,Bearing,6.0,600.0,3.0
633,cost_only,0.7512171138885846,K1,P1,ReplaceBearing,BearingWearHigh,Bearing,6.0,600.0,3.0
634,threshold_based,0.8241096703959289,K1,P1,ReplaceBearing,BearingWearHigh,Bearing,6.0,600.0,3.0
634,cost_only,0.8241096703959289,K1,P1,ReplaceBearing,BearingWearHigh,Bearing,6.0,600.0,3.0
639,threshold_based,0.8241096703959289,K1,P1,ReplaceBearing,BearingWearHigh,Bearing,6.0,600.0,3.0
639,cost_only,0.8241096703959289,K1,P1,ReplaceBearing,BearingWearHigh,Bearing,6.0,600.0,3.0
640,threshold_based,0.5682271699260382,K1,P1,RepairFan,FanFault,Fan,2.0,150.0,2.0
640,cost_only,0.5682271699260382,K4,P1,FlushCoolant,LowCoolingEfficiency,CoolingSystem,2.0,90.0,2.0
641,threshold_based,0.7512171138885846,K1,P1,ReplaceBearing,BearingWearHigh,Bearing,6.0,600.0,3.0
641,cost_only,0.7512171138885846,K1,P1,ReplaceBearing,BearingWearHigh,Bearing,6.0,600.0,3.0
642,threshold_based,0.7163083657694294,K1,P1,RepairFan,FanFault,Fan,2.0,150.0,2.0
642,cost_only,0.7163083657694294,K4,P1,FlushCoolant,LowCoolingEfficiency,CoolingSystem,2.0,90.0,2.0
646,threshold_based,0.7163083657694294,K1,P1,RepairFan,FanFault,Fan,2.0,150.0,2.0
646,cost_only,0.7163083657694294,K4,P1,FlushCoolant,LowCoolingEfficiency,CoolingSystem,2.0,90.0,2.0
648,threshold_based,0.7512171138885846,K1,P1,ReplaceBearing,BearingWearHigh,Bearing,6.0,600.0,3.0
648,cost_only,0.7512171138885846,K1,P1,ReplaceBearing,BearingWearHigh,Bearing,6.0,600.0,3.0
650,threshold_based,0.5854251442713096,K1,P1,RepairFan,FanFault,Fan,2.0,150.0,2.0
650,cost_only,0.5854251442713096,K4,P1,FlushCoolant,LowCoolingEfficiency,CoolingSystem,2.0,90.0,2.0
651,threshold_based,0.6181523336133433,K1,P1,RepairFan,FanFault,Fan,2.0,150.0,2.0
651,cost_only,0.6181523336133433,K2,P1,RepairFan,FanFault,Fan,2.0,150.0,2.0
652,threshold_based,0.6181523336133433,K1,P1,RepairFan,FanFault,Fan,2.0,150.0,2.0
652,cost_only,0.6181523336133433,K2,P1,RepairFan,FanFault,Fan,2.0,150.0,2.0
653,threshold_based,0.8241096703959289,K1,P1,ReplaceBearing,BearingWearHigh,Bearing,6.0,600.0,3.0
653,cost_only,0.8241096703959289,K1,P1,ReplaceBearing,BearingWearHigh,Bearing,6.0,600.0,3.0
657,threshold_based,0.8241096703959289,K1,P1,ReplaceBearing,BearingWearHigh,Bearing,6.0,600.0,3.0
657,cost_only,0.8241096703959289,K1,P1,ReplaceBearing,BearingWearHigh,Bearing,6.0,600.0,3.0
658,threshold_based,0.7163083657694294,K1,P1,RepairFan,FanFault,Fan,2.0,150.0,2.0
658,cost_only,0.7163083657694294,K4,P1,FlushCoolant,LowCoolingEfficiency,CoolingSystem,2.0,90.0,2.0
661,threshold_based,0.8241096703959289,K1,P1,ReplaceBearing,BearingWearHigh,Bearing,6.0,600.0,3.0
661,cost_only,0.8241096703959289,K1,P1,ReplaceBearing,BearingWearHigh,Bearing,6.0,600.0,3.0
663,threshold_based,0.7163083657694294,K1,P1,RepairFan,FanFault,Fan,2.0,150.0,2.0
663,cost_only,0.7163083657694294,K4,P1,FlushCoolant,LowCoolingEfficiency,CoolingSystem,2.0,90.0,2.0
666,threshold_based,0.36862579187983163,K1,P1,ReplaceBearing,BearingWearHigh,Bearing,6.0,600.0,3.0
666,cost_only,0.36862579187983163,K1,P1,ReplaceBearing,BearingWearHigh,Bearing,6.0,600.0,3.0
667,threshold_based,0.7024333019595443,K1,P1,ReplaceBearing,BearingWearHigh,Bearing,6.0,600.0,3.0
667,cost_only,0.7024333019595443,K1,P1,ReplaceBearing,BearingWearHigh,Bearing,6.0,600.0,3.0
668,threshold_based,0.7512171138885846,K1,P1,ReplaceBearing,BearingWearHigh,Bearing,6.0,600.0,3.0
668,cost_only,0.7512171138885846,K1,P1,ReplaceBearing,BearingWearHigh,Bearing,6.0,600.0,3.0
670,threshold_based,0.7024333019595443,K1,P1,ReplaceBearing,BearingWearHigh,Bearing,6.0,600.0,3.0
670,cost_only,0.7024333019595443,K1,P1,ReplaceBearing,BearingWearHigh,Bearing,6.0,600.0,3.0
671,threshold_based,0.36862579187983163,K1,P1,ReplaceBearing,BearingWearHigh,Bearing,6.0,600.0,3.0
671,cost_only,0.36862579187983163,K1,P1,ReplaceBearing,BearingWearHigh,Bearing,6.0,600.0,3.0
673,threshold_based,0.8241096703959289,K1,P1,ReplaceBearing,BearingWearHigh,Bearing,6.0,600.0,3.0
673,cost_only,0.8241096703959289,K1,P1,ReplaceBearing,BearingWearHigh,Bearing,6.0,600.0,3.0
674,threshold_based,0.7163083657694294,K1,P1,RepairFan,FanFault,Fan,2.0,150.0,2.0
674,cost_only,0.7163083657694294,K4,P1,FlushCoolant,LowCoolingEfficiency,CoolingSystem,2.0,90.0,2.0
677,threshold_based,0.36862579187983163,K1,P1,ReplaceBearing,BearingWearHigh,Bearing,6.0,600.0,3.0
677,cost_only,0.36862579187983163,K1,P1,ReplaceBearing,BearingWearHigh,Bearing,6.0,600.0,3.0
678,threshold_based,0.7163083657694294,K1,P1,RepairFan,FanFault,Fan,2.0,150.0,2.0
678,cost_only,0.7163083657694294,K4,P1,FlushCoolant,LowCoolingEfficiency,CoolingSystem,2.0,90.0,2.0
680,threshold_based,0.8241096703959289,K1,P1,ReplaceBearing,BearingWearHigh,Bearing,6.0,600.0,3.0
680,cost_only,0.8241096703959289,K1,P1,ReplaceBearing,BearingWearHigh,Bearing,6.0,600.0,3.0
683,threshold_based,0.7163083657694294,K1,P1,RepairFan,FanFault,Fan,2.0,150.0,2.0
683,cost_only,0.7163083657694294,K4,P1,FlushCoolant,LowCoolingEfficiency,CoolingSystem,2.0,90.0,2.0
685,threshold_based,0.7512171138885846,K1,P1,ReplaceBearing,BearingWearHigh,Bearing,6.0,600.0,3.0
685,cost_only,0.7512171138885846,K1,P1,ReplaceBearing,BearingWearHigh,Bearing,6.0,600.0,3.0
689,threshold_based,0.8163586961106905,K1,P1,RepairFan,FanFault,Fan,2.0,150.0,2.0
689,cost_only,0.8163586961106905,K4,P1,FlushCoolant,LowCoolingEfficiency,CoolingSystem,2.0,90.0,2.0
690,threshold_based,0.8241096703959289,K1,P1,ReplaceBearing,BearingWearHigh,Bearing,6.0,600.0,3.0
690,cost_only,0.8241096703959289,K1,P1,ReplaceBearing,BearingWearHigh,Bearing,6.0,600.0,3.0
691,threshold_based,0.7163083657694294,K1,P1,RepairFan,FanFault,Fan,2.0,150.0,2.0
691,cost_only,0.7163083657694294,K4,P1,FlushCoolant,LowCoolingEfficiency,CoolingSystem,2.0,90.0,2.0
692,threshold_based,0.38843926799089806,K1,P1,RepairFan,FanFault,Fan,2.0,150.0,2.0
692,cost_only,0.38843926799089806,K4,P1,FlushCoolant,LowCoolingEfficiency,CoolingSystem,2.0,90.0,2.0
693,threshold_based,0.7163083657694294,K1,P1,RepairFan,FanFault,Fan,2.0,150.0,2.0
693,cost_only,0.7163083657694294,K4,P1,FlushCoolant,LowCoolingEfficiency,CoolingSystem,2.0,90.0,2.0
695,threshold_based,0.7163083657694294,K1,P1,RepairFan,FanFault,Fan,2.0,150.0,2.0
695,cost_only,0.7163083657694294,K4,P1,FlushCoolant,LowCoolingEfficiency,CoolingSystem,2.0,90.0,2.0
696,threshold_based,0.5854251442713096,K1,P1,RepairFan,FanFault,Fan,2.0,150.0,2.0
696,cost_only,0.5854251442713096,K4,P1,FlushCoolant,LowCoolingEfficiency,CoolingSystem,2.0,90.0,2.0
699,threshold_based,0.7024333019595443,K1,P1,ReplaceBearing,BearingWearHigh,Bearing,6.0,600.0,3.0
699,cost_only,0.7024333019595443,K1,P1,ReplaceBearing,BearingWearHigh,Bearing,6.0,600.0,3.0
700,threshold_based,0.36862579187983163,K1,P1,ReplaceBearing,BearingWearHigh,Bearing,6.0,600.0,3.0
700,cost_only,0.36862579187983163,K1,P1,ReplaceBearing,BearingWearHigh,Bearing,6.0,600.0,3.0
701,threshold_based,0.8241096703959289,K1,P1,ReplaceBearing,BearingWearHigh,Bearing,6.0,600.0,3.0
701,cost_only,0.8241096703959289,K1,P1,ReplaceBearing,BearingWearHigh,Bearing,6.0,600.0,3.0
702,threshold_based,0.8241096703959289,K1,P1,ReplaceBearing,BearingWearHigh,Bearing,6.0,600.0,3.0
702,cost_only,0.8241096703959289,K1,P1,ReplaceBearing,BearingWearHigh,Bearing,6.0,600.0,3.0
704,threshold_based,0.6181523336133433,K1,P1,RepairFan,FanFault,Fan,2.0,150.0,2.0
704,cost_only,0.6181523336133433,K2,P1,RepairFan,FanFault,Fan,2.0,150.0,2.0
707,threshold_based,0.8241096703959289,K1,P1,ReplaceBearing,BearingWearHigh,Bearing,6.0,600.0,3.0
707,cost_only,0.8241096703959289,K1,P1,ReplaceBearing,BearingWearHigh,Bearing,6.0,600.0,3.0
708,threshold_based,0.7250741531729615,K1,P1,ReplaceBearing,BearingWearHigh,Bearing,6.0,600.0,3.0
708,cost_only,0.7250741531729615,K1,P1,ReplaceBearing,BearingWearHigh,Bearing,6.0,600.0,3.0
710,threshold_based,0.7163083657694294,K1,P1,RepairFan,FanFault,Fan,2.0,150.0,2.0
710,cost_only,0.7163083657694294,K4,P1,FlushCoolant,LowCoolingEfficiency,CoolingSystem,2.0,90.0,2.0
712,threshold_based,0.578929441296426,K1,P1,ReplaceBearing,BearingWearHigh,Bearing,6.0,600.0,3.0
712,cost_only,0.578929441296426,K1,P1,ReplaceBearing,BearingWearHigh,Bearing,6.0,600.0,3.0
713,threshold_based,0.7024333019595443,K1,P1,ReplaceBearing,BearingWearHigh,Bearing,6.0,600.0,3.0
713,cost_only,0.7024333019595443,K1,P1,ReplaceBearing,BearingWearHigh,Bearing,6.0,600.0,3.0
718,threshold_based,0.7512171138885846,K1,P1,ReplaceBearing,BearingWearHigh,Bearing,6.0,600.0,3.0
718,cost_only,0.7512171138885846,K1,P1,ReplaceBearing,BearingWearHigh,Bearing,6.0,600.0,3.0
719,threshold_based,0.8241096703959289,K1,P1,ReplaceBearing,BearingWearHigh,Bearing,6.0,600.0,3.0
719,cost_only,0.8241096703959289,K1,P1,ReplaceBearing,BearingWearHigh,Bearing,6.0,600.0,3.0
720,threshold_based,0.7512171138885846,K1,P1,ReplaceBearing,BearingWearHigh,Bearing,6.0,600.0,3.0
720,cost_only,0.7512171138885846,K1,P1,ReplaceBearing,BearingWearHigh,Bearing,6.0,600.0,3.0
721,threshold_based,0.5682271699260382,K1,P1,RepairFan,FanFault,Fan,2.0,150.0,2.0
721,cost_only,0.5682271699260382,K4,P1,FlushCoolant,LowCoolingEfficiency,CoolingSystem,2.0,90.0,2.0
723,threshold_based,0.8241096703959289,K1,P1,ReplaceBearing,BearingWearHigh,Bearing,6.0,600.0,3.0
723,cost_only,0.8241096703959289,K1,P1,ReplaceBearing,BearingWearHigh,Bearing,6.0,600.0,3.0
725,threshold_based,0.8241096703959289,K1,P1,ReplaceBearing,BearingWearHigh,Bearing,6.0,600.0,3.0
725,cost_only,0.8241096703959289,K1,P1,ReplaceBearing,BearingWearHigh,Bearing,6.0,600.0,3.0
726,threshold_based,0.7024333019595443,K1,P1,ReplaceBearing,BearingWearHigh,Bearing,6.0,600.0,3.0
726,cost_only,0.7024333019595443,K1,P1,ReplaceBearing,BearingWearHigh,Bearing,6.0,600.0,3.0
728,threshold_based,0.7024333019595443,K1,P1,ReplaceBearing,BearingWearHigh,Bearing,6.0,600.0,3.0
728,cost_only,0.7024333019595443,K1,P1,ReplaceBearing,BearingWearHigh,Bearing,6.0,600.0,3.0
730,threshold_based,0.7163083657694294,K1,P1,RepairFan,FanFault,Fan,2.0,150.0,2.0
730,cost_only,0.7163083657694294,K4,P1,FlushCoolant,LowCoolingEfficiency,CoolingSystem,2.0,90.0,2.0
731,threshold_based,0.8241096703959289,K1,P1,ReplaceBearing,BearingWearHigh,Bearing,6.0,600.0,3.0
731,cost_only,0.8241096703959289,K1,P1,ReplaceBearing,BearingWearHigh,Bearing,6.0,600.0,3.0
733,threshold_based,0.36862579187983163,K1,P1,ReplaceBearing,BearingWearHigh,Bearing,6.0,600.0,3.0
733,cost_only,0.36862579187983163,K1,P1,ReplaceBearing,BearingWearHigh,Bearing,6.0,600.0,3.0
735,threshold_based,0.7163083657694294,K1,P1,RepairFan,FanFault,Fan,2.0,150.0,2.0
735,cost_only,0.7163083657694294,K4,P1,FlushCoolant,LowCoolingEfficiency,CoolingSystem,2.0,90.0,2.0
737,threshold_based,0.7163083657694294,K1,P1,RepairFan,FanFault,Fan,2.0,150.0,2.0
737,cost_only,0.7163083657694294,K4,P1,FlushCoolant,LowCoolingEfficiency,CoolingSystem,2.0,90.0,2.0
738,threshold_based,0.8241096703959289,K1,P1,ReplaceBearing,BearingWearHigh,Bearing,6.0,600.0,3.0
738,cost_only,0.8241096703959289,K1,P1,ReplaceBearing,BearingWearHigh,Bearing,6.0,600.0,3.0
740,threshold_based,0.8241096703959289,K1,P1,ReplaceBearing,BearingWearHigh,Bearing,6.0,600.0,3.0
740,cost_only,0.8241096703959289,K1,P1,ReplaceBearing,BearingWearHigh,Bearing,6.0,600.0,3.0
741,threshold_based,0.8241096703959289,K1,P1,ReplaceBearing,BearingWearHigh,Bearing,6.0,600.0,3.0
741,cost_only,0.8241096703959289,K1,P1,ReplaceBearing,BearingWearHigh,Bearing,6.0,600.0,3.0
742,threshold_based,0.7024333019595443,K1,P1,ReplaceBearing,BearingWearHigh,Bearing,6.0,600.0,3.0
742,cost_only,0.7024333019595443,K1,P1,ReplaceBearing,BearingWearHigh,Bearing,6.0,600.0,3.0
743,threshold_based,0.7163083657694294,K1,P1,RepairFan,FanFault,Fan,2.0,150.0,2.0
743,cost_only,0.7163083657694294,K4,P1,FlushCoolant,LowCoolingEfficiency,CoolingSystem,2.0,90.0,2.0
744,threshold_based,0.8241096703959289,K1,P1,ReplaceBearing,BearingWearHigh,Bearing,6.0,600.0,3.0
744,cost_only,0.8241096703959289,K1,P1,ReplaceBearing,BearingWearHigh,Bearing,6.0,600.0,3.0
746,threshold_based,0.8241096703959289,K1,P1,ReplaceBearing,BearingWearHigh,Bearing,6.0,600.0,3.0
746,cost_only,0.8241096703959289,K1,P1,ReplaceBearing,BearingWearHigh,Bearing,6.0,600.0,3.0
747,threshold_based,0.45878192958150993,K1,P1,CleanFilter,CloggedFilter,Filter,1.5,50.0,1.0
747,cost_only,0.45878192958150993,K3,P1,CleanFilter,CloggedFilter,Filter,1.5,50.0,1.0
749,threshold_based,0.578929441296426,K1,P1,ReplaceBearing,BearingWearHigh,Bearing,6.0,600.0,3.0
749,cost_only,0.578929441296426,K1,P1,ReplaceBearing,BearingWearHigh,Bearing,6.0,600.0,3.0
752,threshold_based,0.578929441296426,K1,P1,ReplaceBearing,BearingWearHigh,Bearing,6.0,600.0,3.0
752,cost_only,0.578929441296426,K1,P1,ReplaceBearing,BearingWearHigh,Bearing,6.0,600.0,3.0
754,threshold_based,0.7163083657694294,K1,P1,RepairFan,FanFault,Fan,2.0,150.0,2.0
754,cost_only,0.7163083657694294,K4,P1,FlushCoolant,LowCoolingEfficiency,CoolingSystem,2.0,90.0,2.0
755,threshold_based,0.7024333019595443,K1,P1,ReplaceBearing,BearingWearHigh,Bearing,6.0,600.0,3.0
755,cost_only,0.7024333019595443,K1,P1,ReplaceBearing,BearingWearHigh,Bearing,6.0,600.0,3.0
756,threshold_based,0.8241096703959289,K1,P1,ReplaceBearing,BearingWearHigh,Bearing,6.0,600.0,3.0
756,cost_only,0.8241096703959289,K1,P1,ReplaceBearing,BearingWearHigh,Bearing,6.0,600.0,3.0
757,threshold_based,0.5682271699260382,K1,P1,RepairFan,FanFault,Fan,2.0,150.0,2.0
757,cost_only,0.5682271699260382,K4,P1,FlushCoolant,LowCoolingEfficiency,CoolingSystem,2.0,90.0,2.0
758,threshold_based,0.8241096703959289,K1,P1,ReplaceBearing,BearingWearHigh,Bearing,6.0,600.0,3.0
758,cost_only,0.8241096703959289,K1,P1,ReplaceBearing,BearingWearHigh,Bearing,6.0,600.0,3.0
759,threshold_based,0.5854251442713096,K1,P1,RepairFan,FanFault,Fan,2.0,150.0,2.0
759,cost_only,0.5854251442713096,K4,P1,FlushCoolant,LowCoolingEfficiency,CoolingSystem,2.0,90.0,2.0
760,threshold_based,0.7163083657694294,K1,P1,RepairFan,FanFault,Fan,2.0,150.0,2.0
760,cost_only,0.7163083657694294,K4,P1,FlushCoolant,LowCoolingEfficiency,CoolingSystem,2.0,90.0,2.0
761,threshold_based,0.578929441296426,K1,P1,ReplaceBearing,BearingWearHigh,Bearing,6.0,600.0,3.0
761,cost_only,0.578929441296426,K1,P1,ReplaceBearing,BearingWearHigh,Bearing,6.0,600.0,3.0
762,threshold_based,0.7163083657694294,K1,P1,RepairFan,FanFault,Fan,2.0,150.0,2.0
762,cost_only,0.7163083657694294,K4,P1,FlushCoolant,LowCoolingEfficiency,CoolingSystem,2.0,90.0,2.0
763,threshold_based,0.5854251442713096,K1,P1,RepairFan,FanFault,Fan,2.0,150.0,2.0
763,cost_only,0.5854251442713096,K4,P1,FlushCoolant,LowCoolingEfficiency,CoolingSystem,2.0,90.0,2.0
771,threshold_based,0.5854251442713096,K1,P1,RepairFan,FanFault,Fan,2.0,150.0,2.0
771,cost_only,0.5854251442713096,K4,P1,FlushCoolant,LowCoolingEfficiency,CoolingSystem,2.0,90.0,2.0
772,threshold_based,0.8241096703959289,K1,P1,ReplaceBearing,BearingWearHigh,Bearing,6.0,600.0,3.0
772,cost_only,0.8241096703959289,K1,P1,ReplaceBearing,BearingWearHigh,Bearing,6.0,600.0,3.0
774,threshold_based,0.5854251442713096,K1,P1,RepairFan,FanFault,Fan,2.0,150.0,2.0
774,cost_only,0.5854251442713096,K4,P1,FlushCoolant,LowCoolingEfficiency,CoolingSystem,2.0,90.0,2.0
777,threshold_based,0.7163083657694294,K1,P1,RepairFan,FanFault,Fan,2.0,150.0,2.0
777,cost_only,0.7163083657694294,K4,P1,FlushCoolant,LowCoolingEfficiency,CoolingSystem,2.0,90.0,2.0
781,threshold_based,0.38843926799089806,K1,P1,RepairFan,FanFault,Fan,2.0,150.0,2.0
781,cost_only,0.38843926799089806,K4,P1,FlushCoolant,LowCoolingEfficiency,CoolingSystem,2.0,90.0,2.0
783,threshold_based,0.7163083657694294,K1,P1,RepairFan,FanFault,Fan,2.0,150.0,2.0
783,cost_only,0.7163083657694294,K4,P1,FlushCoolant,LowCoolingEfficiency,CoolingSystem,2.0,90.0,2.0
785,threshold_based,0.7024333019595443,K1,P1,ReplaceBearing,BearingWearHigh,Bearing,6.0,600.0,3.0
785,cost_only,0.7024333019595443,K1,P1,ReplaceBearing,BearingWearHigh,Bearing,6.0,600.0,3.0
787,threshold_based,0.8241096703959289,K1,P1,ReplaceBearing,BearingWearHigh,Bearing,6.0,600.0,3.0
787,cost_only,0.8241096703959289,K1,P1,ReplaceBearing,BearingWearHigh,Bearing,6.0,600.0,3.0
789,threshold_based,0.5854251442713096,K1,P1,RepairFan,FanFault,Fan,2.0,150.0,2.0
789,cost_only,0.5854251442713096,K4,P1,FlushCoolant,LowCoolingEfficiency,CoolingSystem,2.0,90.0,2.0
790,threshold_based,0.578929441296426,K1,P1,ReplaceBearing,BearingWearHigh,Bearing,6.0,600.0,3.0
790,cost_only,0.578929441296426,K1,P1,ReplaceBearing,BearingWearHigh,Bearing,6.0,600.0,3.0
791,threshold_based,0.7163083657694294,K1,P1,RepairFan,FanFault,Fan,2.0,150.0,2.0
791,cost_only,0.7163083657694294,K4,P1,FlushCoolant,LowCoolingEfficiency,CoolingSystem,2.0,90.0,2.0
793,threshold_based,0.7250741531729615,K1,P1,ReplaceBearing,BearingWearHigh,Bearing,6.0,600.0,3.0
793,cost_only,0.7250741531729615,K1,P1,ReplaceBearing,BearingWearHigh,Bearing,6.0,600.0,3.0
794,threshold_based,0.36862579187983163,K1,P1,ReplaceBearing,BearingWearHigh,Bearing,6.0,600.0,3.0
794,cost_only,0.36862579187983163,K1,P1,ReplaceBearing,BearingWearHigh,Bearing,6.0,600.0,3.0
797,threshold_based,0.8241096703959289,K1,P1,ReplaceBearing,BearingWearHigh,Bearing,6.0,600.0,3.0
797,cost_only,0.8241096703959289,K1,P1,ReplaceBearing,BearingWearHigh,Bearing,6.0,600.0,3.0
798,threshold_based,0.7163083657694294,K1,P1,RepairFan,FanFault,Fan,2.0,150.0,2.0
798,cost_only,0.7163083657694294,K4,P1,FlushCoolant,LowCoolingEfficiency,CoolingSystem,2.0,90.0,2.0
799,threshold_based,0.36862579187983163,K1,P1,ReplaceBearing,BearingWearHigh,Bearing,6.0,600.0,3.0
799,cost_only,0.36862579187983163,K1,P1,ReplaceBearing,BearingWearHigh,Bearing,6.0,600.0,3.0
801,threshold_based,0.7163083657694294,K1,P1,RepairFan,FanFault,Fan,2.0,150.0,2.0
801,cost_only,0.7163083657694294,K4,P1,FlushCoolant,LowCoolingEfficiency,CoolingSystem,2.0,90.0,2.0
803,threshold_based,0.5854251442713096,K1,P1,RepairFan,FanFault,Fan,2.0,150.0,2.0
803,cost_only,0.5854251442713096,K4,P1,FlushCoolant,LowCoolingEfficiency,CoolingSystem,2.0,90.0,2.0
804,threshold_based,0.8241096703959289,K1,P1,ReplaceBearing,BearingWearHigh,Bearing,6.0,600.0,3.0
804,cost_only,0.8241096703959289,K1,P1,ReplaceBearing,BearingWearHigh,Bearing,6.0,600.0,3.0
805,threshold_based,0.7163083657694294,K1,P1,RepairFan,FanFault,Fan,2.0,150.0,2.0
805,cost_only,0.7163083657694294,K4,P1,FlushCoolant,LowCoolingEfficiency,CoolingSystem,2.0,90.0,2.0
806,threshold_based,0.7163083657694294,K1,P1,RepairFan,FanFault,Fan,2.0,150.0,2.0
806,cost_only,0.7163083657694294,K4,P1,FlushCoolant,LowCoolingEfficiency,CoolingSystem,2.0,90.0,2.0
809,threshold_based,0.7163083657694294,K1,P1,RepairFan,FanFault,Fan,2.0,150.0,2.0
809,cost_only,0.7163083657694294,K4,P1,FlushCoolant,LowCoolingEfficiency,CoolingSystem,2.0,90.0,2.0
813,threshold_based,0.6181523336133433,K1,P1,RepairFan,FanFault,Fan,2.0,150.0,2.0
813,cost_only,0.6181523336133433,K2,P1,RepairFan,FanFault,Fan,2.0,150.0,2.0
814,threshold_based,0.36862579187983163,K1,P1,ReplaceBearing,BearingWearHigh,Bearing,6.0,600.0,3.0
814,cost_only,0.36862579187983163,K1,P1,ReplaceBearing,BearingWearHigh,Bearing,6.0,600.0,3.0
815,threshold_based,0.36862579187983163,K1,P1,ReplaceBearing,BearingWearHigh,Bearing,6.0,600.0,3.0
815,cost_only,0.36862579187983163,K1,P1,ReplaceBearing,BearingWearHigh,Bearing,6.0,600.0,3.0
816,threshold_based,0.578929441296426,K1,P1,ReplaceBearing,BearingWearHigh,Bearing,6.0,600.0,3.0
816,cost_only,0.578929441296426,K1,P1,ReplaceBearing,BearingWearHigh,Bearing,6.0,600.0,3.0
818,threshold_based,0.8241096703959289,K1,P1,ReplaceBearing,BearingWearHigh,Bearing,6.0,600.0,3.0
818,cost_only,0.8241096703959289,K1,P1,ReplaceBearing,BearingWearHigh,Bearing,6.0,600.0,3.0
820,threshold_based,0.7024333019595443,K1,P1,ReplaceBearing,BearingWearHigh,Bearing,6.0,600.0,3.0
820,cost_only,0.7024333019595443,K1,P1,ReplaceBearing,BearingWearHigh,Bearing,6.0,600.0,3.0
822,threshold_based,0.7024333019595443,K1,P1,ReplaceBearing,BearingWearHigh,Bearing,6.0,600.0,3.0
822,cost_only,0.7024333019595443,K1,P1,ReplaceBearing,BearingWearHigh,Bearing,6.0,600.0,3.0
823,threshold_based,0.5682271699260382,K1,P1,RepairFan,FanFault,Fan,2.0,150.0,2.0
823,cost_only,0.5682271699260382,K4,P1,FlushCoolant,LowCoolingEfficiency,CoolingSystem,2.0,90.0,2.0
826,threshold_based,0.7512171138885846,K1,P1,ReplaceBearing,BearingWearHigh,Bearing,6.0,600.0,3.0
826,cost_only,0.7512171138885846,K1,P1,ReplaceBearing,BearingWearHigh,Bearing,6.0,600.0,3.0
827,threshold_based,0.8241096703959289,K1,P1,ReplaceBearing,BearingWearHigh,Bearing,6.0,600.0,3.0
827,cost_only,0.8241096703959289,K1,P1,ReplaceBearing,BearingWearHigh,Bearing,6.0,600.0,3.0
829,threshold_based,0.8241096703959289,K1,P1,ReplaceBearing,BearingWearHigh,Bearing,6.0,600.0,3.0
829,cost_only,0.8241096703959289,K1,P1,ReplaceBearing,BearingWearHigh,Bearing,6.0,600.0,3.0
831,threshold_based,0.7163083657694294,K1,P1,RepairFan,FanFault,Fan,2.0,150.0,2.0
831,cost_only,0.7163083657694294,K4,P1,FlushCoolant,LowCoolingEfficiency,CoolingSystem,2.0,90.0,2.0
835,threshold_based,0.7250741531729615,K1,P1,ReplaceBearing,BearingWearHigh,Bearing,6.0,600.0,3.0
835,cost_only,0.7250741531729615,K1,P1,ReplaceBearing,BearingWearHigh,Bearing,6.0,600.0,3.0
836,threshold_based,0.8241096703959289,K1,P1,ReplaceBearing,BearingWearHigh,Bearing,6.0,600.0,3.0
836,cost_only,0.8241096703959289,K1,P1,ReplaceBearing,BearingWearHigh,Bearing,6.0,600.0,3.0
839,threshold_based,0.7163083657694294,K1,P1,RepairFan,FanFault,Fan,2.0,150.0,2.0
839,cost_only,0.7163083657694294,K4,P1,FlushCoolant,LowCoolingEfficiency,CoolingSystem,2.0,90.0,2.0
840,threshold_based,0.8241096703959289,K1,P1,ReplaceBearing,BearingWearHigh,Bearing,6.0,600.0,3.0
840,cost_only,0.8241096703959289,K1,P1,ReplaceBearing,BearingWearHigh,Bearing,6.0,600.0,3.0
841,threshold_based,0.7163083657694294,K1,P1,RepairFan,FanFault,Fan,2.0,150.0,2.0
841,cost_only,0.7163083657694294,K4,P1,FlushCoolant,LowCoolingEfficiency,CoolingSystem,2.0,90.0,2.0
842,threshold_based,0.8241096703959289,K1,P1,ReplaceBearing,BearingWearHigh,Bearing,6.0,600.0,3.0
842,cost_only,0.8241096703959289,K1,P1,ReplaceBearing,BearingWearHigh,Bearing,6.0,600.0,3.0
844,threshold_based,0.5854251442713096,K1,P1,RepairFan,FanFault,Fan,2.0,150.0,2.0
844,cost_only,0.5854251442713096,K4,P1,FlushCoolant,LowCoolingEfficiency,CoolingSystem,2.0,90.0,2.0
846,threshold_based,0.8241096703959289,K1,P1,ReplaceBearing,BearingWearHigh,Bearing,6.0,600.0,3.0
846,cost_only,0.8241096703959289,K1,P1,ReplaceBearing,BearingWearHigh,Bearing,6.0,600.0,3.0
847,threshold_based,0.7163083657694294,K1,P1,RepairFan,FanFault,Fan,2.0,150.0,2.0
847,cost_only,0.7163083657694294,K4,P1,FlushCoolant,LowCoolingEfficiency,CoolingSystem,2.0,90.0,2.0
848,threshold_based,0.8241096703959289,K1,P1,ReplaceBearing,BearingWearHigh,Bearing,6.0,600.0,3.0
848,cost_only,0.8241096703959289,K1,P1,ReplaceBearing,BearingWearHigh,Bearing,6.0,600.0,3.0
850,threshold_based,0.6794095795109646,K1,P1,RepairFan,FanFault,Fan,2.0,150.0,2.0
850,cost_only,0.6794095795109646,K2,P1,RepairFan,FanFault,Fan,2.0,150.0,2.0
853,threshold_based,0.5682271699260382,K1,P1,RepairFan,FanFault,Fan,2.0,150.0,2.0
853,cost_only,0.5682271699260382,K4,P1,FlushCoolant,LowCoolingEfficiency,CoolingSystem,2.0,90.0,2.0
854,threshold_based,0.38843926799089806,K1,P1,RepairFan,FanFault,Fan,2.0,150.0,2.0
854,cost_only,0.38843926799089806,K4,P1,FlushCoolant,LowCoolingEfficiency,CoolingSystem,2.0,90.0,2.0
855,threshold_based,0.8241096703959289,K1,P1,ReplaceBearing,BearingWearHigh,Bearing,6.0,600.0,3.0
855,cost_only,0.8241096703959289,K1,P1,ReplaceBearing,BearingWearHigh,Bearing,6.0,600.0,3.0
857,threshold_based,0.7024333019595443,K1,P1,ReplaceBearing,BearingWearHigh,Bearing,6.0,600.0,3.0
857,cost_only,0.7024333019595443,K1,P1,ReplaceBearing,BearingWearHigh,Bearing,6.0,600.0,3.0
860,threshold_based,0.7250741531729615,K1,P1,ReplaceBearing,BearingWearHigh,Bearing,6.0,600.0,3.0
860,cost_only,0.7250741531729615,K1,P1,ReplaceBearing,BearingWearHigh,Bearing,6.0,600.0,3.0
861,threshold_based,0.5854251442713096,K1,P1,RepairFan,FanFault,Fan,2.0,150.0,2.0
861,cost_only,0.5854251442713096,K4,P1,FlushCoolant,LowCoolingEfficiency,CoolingSystem,2.0,90.0,2.0
867,threshold_based,0.45878192958150993,K1,P1,CleanFilter,CloggedFilter,Filter,1.5,50.0,1.0
867,cost_only,0.45878192958150993,K3,P1,CleanFilter,CloggedFilter,Filter,1.5,50.0,1.0
868,threshold_based,0.5682271699260382,K1,P1,RepairFan,FanFault,Fan,2.0,150.0,2.0
868,cost_only,0.5682271699260382,K4,P1,FlushCoolant,LowCoolingEfficiency,CoolingSystem,2.0,90.0,2.0
870,threshold_based,0.5854251442713096,K1,P1,RepairFan,FanFault,Fan,2.0,150.0,2.0
870,cost_only,0.5854251442713096,K4,P1,FlushCoolant,LowCoolingEfficiency,CoolingSystem,2.0,90.0,2.0
873,threshold_based,0.578929441296426,K1,P1,ReplaceBearing,BearingWearHigh,Bearing,6.0,600.0,3.0
873,cost_only,0.578929441296426,K1,P1,ReplaceBearing,BearingWearHigh,Bearing,6.0,600.0,3.0
874,threshold_based,0.7512171138885846,K1,P1,ReplaceBearing,BearingWearHigh,Bearing,6.0,600.0,3.0
874,cost_only,0.7512171138885846,K1,P1,ReplaceBearing,BearingWearHigh,Bearing,6.0,600.0,3.0
876,threshold_based,0.36862579187983163,K1,P1,ReplaceBearing,BearingWearHigh,Bearing,6.0,600.0,3.0
876,cost_only,0.36862579187983163,K1,P1,ReplaceBearing,BearingWearHigh,Bearing,6.0,600.0,3.0
879,threshold_based,0.7163083657694294,K1,P1,RepairFan,FanFault,Fan,2.0,150.0,2.0
879,cost_only,0.7163083657694294,K4,P1,FlushCoolant,LowCoolingEfficiency,CoolingSystem,2.0,90.0,2.0
882,threshold_based,0.7163083657694294,K1,P1,RepairFan,FanFault,Fan,2.0,150.0,2.0
882,cost_only,0.7163083657694294,K4,P1,FlushCoolant,LowCoolingEfficiency,CoolingSystem,2.0,90.0,2.0
883,threshold_based,0.7024333019595443,K1,P1,ReplaceBearing,BearingWearHigh,Bearing,6.0,600.0,3.0
883,cost_only,0.7024333019595443,K1,P1,ReplaceBearing,BearingWearHigh,Bearing,6.0,600.0,3.0
885,threshold_based,0.578929441296426,K1,P1,ReplaceBearing,BearingWearHigh,Bearing,6.0,600.0,3.0
885,cost_only,0.578929441296426,K1,P1,ReplaceBearing,BearingWearHigh,Bearing,6.0,600.0,3.0
886,threshold_based,0.36862579187983163,K1,P1,ReplaceBearing,BearingWearHigh,Bearing,6.0,600.0,3.0
886,cost_only,0.36862579187983163,K1,P1,ReplaceBearing,BearingWearHigh,Bearing,6.0,600.0,3.0
888,threshold_based,0.5682271699260382,K1,P1,RepairFan,FanFault,Fan,2.0,150.0,2.0
888,cost_only,0.5682271699260382,K4,P1,FlushCoolant,LowCoolingEfficiency,CoolingSystem,2.0,90.0,2.0
891,threshold_based,0.7024333019595443,K1,P1,ReplaceBearing,BearingWearHigh,Bearing,6.0,600.0,3.0
891,cost_only,0.7024333019595443,K1,P1,ReplaceBearing,BearingWearHigh,Bearing,6.0,600.0,3.0
892,threshold_based,0.6181523336133433,K1,P1,RepairFan,FanFault,Fan,2.0,150.0,2.0
892,cost_only,0.6181523336133433,K2,P1,RepairFan,FanFault,Fan,2.0,150.0,2.0
895,threshold_based,0.7163083657694294,K1,P1,RepairFan,FanFault,Fan,2.0,150.0,2.0
895,cost_only,0.7163083657694294,K4,P1,FlushCoolant,LowCoolingEfficiency,CoolingSystem,2.0,90.0,2.0
897,threshold_based,0.36862579187983163,K1,P1,ReplaceBearing,BearingWearHigh,Bearing,6.0,600.0,3.0
897,cost_only,0.36862579187983163,K1,P1,ReplaceBearing,BearingWearHigh,Bearing,6.0,600.0,3.0
899,threshold_based,0.7024333019595443,K1,P1,ReplaceBearing,BearingWearHigh,Bearing,6.0,600.0,3.0
899,cost_only,0.7024333019595443,K1,P1,ReplaceBearing,BearingWearHigh,Bearing,6.0,600.0,3.0
901,threshold_based,0.8241096703959289,K1,P1,ReplaceBearing,BearingWearHigh,Bearing,6.0,600.0,3.0
901,cost_only,0.8241096703959289,K1,P1,ReplaceBearing,BearingWearHigh,Bearing,6.0,600.0,3.0
902,threshold_based,0.7163083657694294,K1,P1,RepairFan,FanFault,Fan,2.0,150.0,2.0
902,cost_only,0.7163083657694294,K4,P1,FlushCoolant,LowCoolingEfficiency,CoolingSystem,2.0,90.0,2.0
908,threshold_based,0.7163083657694294,K1,P1,RepairFan,FanFault,Fan,2.0,150.0,2.0
908,cost_only,0.7163083657694294,K4,P1,FlushCoolant,LowCoolingEfficiency,CoolingSystem,2.0,90.0,2.0
909,threshold_based,0.8241096703959289,K1,P1,ReplaceBearing,BearingWearHigh,Bearing,6.0,600.0,3.0
909,cost_only,0.8241096703959289,K1,P1,ReplaceBearing,BearingWearHigh,Bearing,6.0,600.0,3.0
911,threshold_based,0.7024333019595443,K1,P1,ReplaceBearing,BearingWearHigh,Bearing,6.0,600.0,3.0
911,cost_only,0.7024333019595443,K1,P1,ReplaceBearing,BearingWearHigh,Bearing,6.0,600.0,3.0
912,threshold_based,0.7163083657694294,K1,P1,RepairFan,FanFault,Fan,2.0,150.0,2.0
912,cost_only,0.7163083657694294,K4,P1,FlushCoolant,LowCoolingEfficiency,CoolingSystem,2.0,90.0,2.0
913,threshold_based,0.5854251442713096,K1,P1,RepairFan,FanFault,Fan,2.0,150.0,2.0
913,cost_only,0.5854251442713096,K4,P1,FlushCoolant,LowCoolingEfficiency,CoolingSystem,2.0,90.0,2.0
914,threshold_based,0.8241096703959289,K1,P1,ReplaceBearing,BearingWearHigh,Bearing,6.0,600.0,3.0
914,cost_only,0.8241096703959289,K1,P1,ReplaceBearing,BearingWearHigh,Bearing,6.0,600.0,3.0
915,threshold_based,0.8241096703959289,K1,P1,ReplaceBearing,BearingWearHigh,Bearing,6.0,600.0,3.0
915,cost_only,0.8241096703959289,K1,P1,ReplaceBearing,BearingWearHigh,Bearing,6.0,600.0,3.0
916,threshold_based,0.7163083657694294,K1,P1,RepairFan,FanFault,Fan,2.0,150.0,2.0
916,cost_only,0.7163083657694294,K4,P1,FlushCoolant,LowCoolingEfficiency,CoolingSystem,2.0,90.0,2.0
920,threshold_based,0.5854251442713096,K1,P1,RepairFan,FanFault,Fan,2.0,150.0,2.0
920,cost_only,0.5854251442713096,K4,P1,FlushCoolant,LowCoolingEfficiency,CoolingSystem,2.0,90.0,2.0
923,threshold_based,0.8241096703959289,K1,P1,ReplaceBearing,BearingWearHigh,Bearing,6.0,600.0,3.0
923,cost_only,0.8241096703959289,K1,P1,ReplaceBearing,BearingWearHigh,Bearing,6.0,600.0,3.0
924,threshold_based,0.8241096703959289,K1,P1,ReplaceBearing,BearingWearHigh,Bearing,6.0,600.0,3.0
924,cost_only,0.8241096703959289,K1,P1,ReplaceBearing,BearingWearHigh,Bearing,6.0,600.0,3.0
926,threshold_based,0.7163083657694294,K1,P1,RepairFan,FanFault,Fan,2.0,150.0,2.0
926,cost_only,0.7163083657694294,K4,P1,FlushCoolant,LowCoolingEfficiency,CoolingSystem,2.0,90.0,2.0
928,threshold_based,0.8241096703959289,K1,P1,ReplaceBearing,BearingWearHigh,Bearing,6.0,600.0,3.0
928,cost_only,0.8241096703959289,K1,P1,ReplaceBearing,BearingWearHigh,Bearing,6.0,600.0,3.0
929,threshold_based,0.5854251442713096,K1,P1,RepairFan,FanFault,Fan,2.0,150.0,2.0
929,cost_only,0.5854251442713096,K4,P1,FlushCoolant,LowCoolingEfficiency,CoolingSystem,2.0,90.0,2.0
931,threshold_based,0.7512171138885846,K1,P1,ReplaceBearing,BearingWearHigh,Bearing,6.0,600.0,3.0
931,cost_only,0.7512171138885846,K1,P1,ReplaceBearing,BearingWearHigh,Bearing,6.0,600.0,3.0
932,threshold_based,0.8241096703959289,K1,P1,ReplaceBearing,BearingWearHigh,Bearing,6.0,600.0,3.0
932,cost_only,0.8241096703959289,K1,P1,ReplaceBearing,BearingWearHigh,Bearing,6.0,600.0,3.0
934,threshold_based,0.8241096703959289,K1,P1,ReplaceBearing,BearingWearHigh,Bearing,6.0,600.0,3.0
934,cost_only,0.8241096703959289,K1,P1,ReplaceBearing,BearingWearHigh,Bearing,6.0,600.0,3.0
935,threshold_based,0.7163083657694294,K1,P1,RepairFan,FanFault,Fan,2.0,150.0,2.0
935,cost_only,0.7163083657694294,K4,P1,FlushCoolant,LowCoolingEfficiency,CoolingSystem,2.0,90.0,2.0
941,threshold_based,0.7859128158716552,K1,P1,RepairFan,FanFault,Fan,2.0,150.0,2.0
941,cost_only,0.7859128158716552,K2,P1,RepairFan,FanFault,Fan,2.0,150.0,2.0
942,threshold_based,0.7163083657694294,K1,P1,RepairFan,FanFault,Fan,2.0,150.0,2.0
942,cost_only,0.7163083657694294,K4,P1,FlushCoolant,LowCoolingEfficiency,CoolingSystem,2.0,90.0,2.0
943,threshold_based,0.8241096703959289,K1,P1,ReplaceBearing,BearingWearHigh,Bearing,6.0,600.0,3.0
943,cost_only,0.8241096703959289,K1,P1,ReplaceBearing,BearingWearHigh,Bearing,6.0,600.0,3.0
946,threshold_based,0.8241096703959289,K1,P1,ReplaceBearing,BearingWearHigh,Bearing,6.0,600.0,3.0
946,cost_only,0.8241096703959289,K1,P1,ReplaceBearing,BearingWearHigh,Bearing,6.0,600.0,3.0
949,threshold_based,0.8241096703959289,K1,P1,ReplaceBearing,BearingWearHigh,Bearing,6.0,600.0,3.0
949,cost_only,0.8241096703959289,K1,P1,ReplaceBearing,BearingWearHigh,Bearing,6.0,600.0,3.0
952,threshold_based,0.5682271699260382,K1,P1,RepairFan,FanFault,Fan,2.0,150.0,2.0
952,cost_only,0.5682271699260382,K4,P1,FlushCoolant,LowCoolingEfficiency,CoolingSystem,2.0,90.0,2.0
953,threshold_based,0.7163083657694294,K1,P1,RepairFan,FanFault,Fan,2.0,150.0,2.0
953,cost_only,0.7163083657694294,K4,P1,FlushCoolant,LowCoolingEfficiency,CoolingSystem,2.0,90.0,2.0
956,threshold_based,0.7163083657694294,K1,P1,RepairFan,FanFault,Fan,2.0,150.0,2.0
956,cost_only,0.7163083657694294,K4,P1,FlushCoolant,LowCoolingEfficiency,CoolingSystem,2.0,90.0,2.0
958,threshold_based,0.38843926799089806,K1,P1,RepairFan,FanFault,Fan,2.0,150.0,2.0
958,cost_only,0.38843926799089806,K4,P1,FlushCoolant,LowCoolingEfficiency,CoolingSystem,2.0,90.0,2.0
959,threshold_based,0.7024333019595443,K1,P1,ReplaceBearing,BearingWearHigh,Bearing,6.0,600.0,3.0
959,cost_only,0.7024333019595443,K1,P1,ReplaceBearing,BearingWearHigh,Bearing,6.0,600.0,3.0
961,threshold_based,0.36862579187983163,K1,P1,ReplaceBearing,BearingWearHigh,Bearing,6.0,600.0,3.0
961,cost_only,0.36862579187983163,K1,P1,ReplaceBearing,BearingWearHigh,Bearing,6.0,600.0,3.0
962,threshold_based,0.8241096703959289,K1,P1,ReplaceBearing,BearingWearHigh,Bearing,6.0,600.0,3.0
962,cost_only,0.8241096703959289,K1,P1,ReplaceBearing,BearingWearHigh,Bearing,6.0,600.0,3.0
963,threshold_based,0.7163083657694294,K1,P1,RepairFan,FanFault,Fan,2.0,150.0,2.0
963,cost_only,0.7163083657694294,K4,P1,FlushCoolant,LowCoolingEfficiency,CoolingSystem,2.0,90.0,2.0
965,threshold_based,0.8241096703959289,K1,P1,ReplaceBearing,BearingWearHigh,Bearing,6.0,600.0,3.0
965,cost_only,0.8241096703959289,K1,P1,ReplaceBearing,BearingWearHigh,Bearing,6.0,600.0,3.0
966,threshold_based,0.8241096703959289,K1,P1,ReplaceBearing,BearingWearHigh,Bearing,6.0,600.0,3.0
966,cost_only,0.8241096703959289,K1,P1,ReplaceBearing,BearingWearHigh,Bearing,6.0,600.0,3.0
973,threshold_based,0.7163083657694294,K1,P1,RepairFan,FanFault,Fan,2.0,150.0,2.0
973,cost_only,0.7163083657694294,K4,P1,FlushCoolant,LowCoolingEfficiency,CoolingSystem,2.0,90.0,2.0
974,threshold_based,0.8241096703959289,K1,P1,ReplaceBearing,BearingWearHigh,Bearing,6.0,600.0,3.0
974,cost_only,0.8241096703959289,K1,P1,ReplaceBearing,BearingWearHigh,Bearing,6.0,600.0,3.0
975,threshold_based,0.7163083657694294,K1,P1,RepairFan,FanFault,Fan,2.0,150.0,2.0
975,cost_only,0.7163083657694294,K4,P1,FlushCoolant,LowCoolingEfficiency,CoolingSystem,2.0,90.0,2.0
976,threshold_based,0.7024333019595443,K1,P1,ReplaceBearing,BearingWearHigh,Bearing,6.0,600.0,3.0
976,cost_only,0.7024333019595443,K1,P1,ReplaceBearing,BearingWearHigh,Bearing,6.0,600.0,3.0
978,threshold_based,0.6181523336133433,K1,P1,RepairFan,FanFault,Fan,2.0,150.0,2.0
978,cost_only,0.6181523336133433,K2,P1,RepairFan,FanFault,Fan,2.0,150.0,2.0
979,threshold_based,0.8241096703959289,K1,P1,ReplaceBearing,BearingWearHigh,Bearing,6.0,600.0,3.0
979,cost_only,0.8241096703959289,K1,P1,ReplaceBearing,BearingWearHigh,Bearing,6.0,600.0,3.0
980,threshold_based,0.7859128158716552,K1,P1,RepairFan,FanFault,Fan,2.0,150.0,2.0
980,cost_only,0.7859128158716552,K2,P1,RepairFan,FanFault,Fan,2.0,150.0,2.0
981,threshold_based,0.8241096703959289,K1,P1,ReplaceBearing,BearingWearHigh,Bearing,6.0,600.0,3.0
981,cost_only,0.8241096703959289,K1,P1,ReplaceBearing,BearingWearHigh,Bearing,6.0,600.0,3.0
982,threshold_based,0.7163083657694294,K1,P1,RepairFan,FanFault,Fan,2.0,150.0,2.0
982,cost_only,0.7163083657694294,K4,P1,FlushCoolant,LowCoolingEfficiency,CoolingSystem,2.0,90.0,2.0
983,threshold_based,0.7163083657694294,K1,P1,RepairFan,FanFault,Fan,2.0,150.0,2.0
983,cost_only,0.7163083657694294,K4,P1,FlushCoolant,LowCoolingEfficiency,CoolingSystem,2.0,90.0,2.0
984,threshold_based,0.8241096703959289,K1,P1,ReplaceBearing,BearingWearHigh,Bearing,6.0,600.0,3.0
984,cost_only,0.8241096703959289,K1,P1,ReplaceBearing,BearingWearHigh,Bearing,6.0,600.0,3.0
985,threshold_based,0.8241096703959289,K1,P1,ReplaceBearing,BearingWearHigh,Bearing,6.0,600.0,3.0
985,cost_only,0.8241096703959289,K1,P1,ReplaceBearing,BearingWearHigh,Bearing,6.0,600.0,3.0
987,threshold_based,0.7024333019595443,K1,P1,ReplaceBearing,BearingWearHigh,Bearing,6.0,600.0,3.0
987,cost_only,0.7024333019595443,K1,P1,ReplaceBearing,BearingWearHigh,Bearing,6.0,600.0,3.0
988,threshold_based,0.8241096703959289,K1,P1,ReplaceBearing,BearingWearHigh,Bearing,6.0,600.0,3.0
988,cost_only,0.8241096703959289,K1,P1,ReplaceBearing,BearingWearHigh,Bearing,6.0,600.0,3.0
992,threshold_based,0.7024333019595443,K1,P1,ReplaceBearing,BearingWearHigh,Bearing,6.0,600.0,3.0
992,cost_only,0.7024333019595443,K1,P1,ReplaceBearing,BearingWearHigh,Bearing,6.0,600.0,3.0
994,threshold_based,0.5854251442713096,K1,P1,RepairFan,FanFault,Fan,2.0,150.0,2.0
994,cost_only,0.5854251442713096,K4,P1,FlushCoolant,LowCoolingEfficiency,CoolingSystem,2.0,90.0,2.0
995,threshold_based,0.7163083657694294,K1,P1,RepairFan,FanFault,Fan,2.0,150.0,2.0
995,cost_only,0.7163083657694294,K4,P1,FlushCoolant,LowCoolingEfficiency,CoolingSystem,2.0,90.0,2.0
996,threshold_based,0.5854251442713096,K1,P1,RepairFan,FanFault,Fan,2.0,150.0,2.0
996,cost_only,0.5854251442713096,K4,P1,FlushCoolant,LowCoolingEfficiency,CoolingSystem,2.0,90.0,2.0
